"측정일자","측정시간","지역","지역명","도로명","시작점","종점","기온","습도","재비산먼지 평균농도","오염범례"
"2023-04-10","12:26","서울","강동구","풍산로(북→남)","서울특별시 강동구 강일동 36-17 도","서울특별시 강동구 강일동 472-1전","17","31","16","매우좋음"
"2023-04-10","12:36","서울","강동구","상일로(북→남)","서울특별시 강동구 고덕동 140-1 도","서울특별시 강동구 상일동 359-3 도","18","31","14","매우좋음"
"2023-04-10","12:41","서울","강동구","천호대로(동→서)","서울특별시 강동구 상일동 394-4도","서울특별시 강동구 천호동 527-3천","18","31","10","매우좋음"
"2023-04-10","13:02","서울","강동구","성내로(서→동)","서울특별시 강동구 성내동 62-1도","서울특별시 강동구 성내동 435도","19","31","10","매우좋음"
"2023-04-10","13:12","서울","강동구","강동대로(동→서)","둔촌동 229-2임","성내동 459-10대","20","31","9","매우좋음"
"2023-04-10","13:18","서울","강동구","올림픽로(남→북)","서울특별시 강동구 성내동 472도","서울특별시 강동구 암사동 98-20도","19","32","48","매우좋음"
"2023-04-10","13:35","서울","강동구","양재대로(북→남)","서울특별시 강동구 고덕동 469도","서울특별시 강동구 둔촌동 522-13 도","20","31","12","매우좋음"
"2023-04-10","13:56","서울","강동구","동남로(남→북)","서울특별시 강동구 둔촌동 229-2 도","서울특별시 강동구 고덕동 302-3 도","20","32","10","매우좋음"
"2023-04-10","14:18","서울","강동구","고덕로(동→서)","서울특별시 강동구 강일동 472-1전","서울특별시 강동구 암사동 608-62도","20","32","11","매우좋음"
"2023-04-10","14:42","서울","강동구","천중로(서→동)","서울특별시 강동구 천호동 256-4도","서울특별시 강동구 길동 12-5도","20","31","38","매우좋음"
"2023-04-10","10:17","경기","김포시","아라육로152번길(북→남)","경기도 김포시 고촌읍 신곡리 686 도","경기도 김포시 고촌읍 신곡리 686 도","14","37","40","매우좋음"
"2023-04-10","10:26","경기","김포시","아라육로(북→남)","경기도 김포시 고촌읍 전호리 87-8 도","경기도 김포시 고촌읍 전호리 618-37 도","15","38","2","매우좋음"
"2023-04-10","10:38","경기","김포시","아라육로58번길(서→동)","경기도 김포시 고촌읍 전호리 755 도","경기도 김포시 고촌읍 전호리 755 도","15","38","45","매우좋음"
"2023-04-10","10:47","경기","김포시","수기로(북→남)","경기도 김포시 고촌읍 신곡리 281-33도","경기도 김포시 고촌읍 신곡리 996-5 임","15","41","26","매우좋음"
"2023-04-10","11:11","경기","김포시","풍무로68번길(동→서)","경기도 김포시 고촌읍 태리 440-2 도","경기도 김포시 풍무동 808 도","14","45","23","매우좋음"
"2023-04-10","11:25","경기","김포시","풍무로(북→남)","경기도 김포시 사우동 838-45도","경기도 김포시 풍무동 723-1도","16","41","15","매우좋음"
"2023-04-10","11:43","경기","김포시","돌문로(서→동)","경기도 김포시 사우동 186-20도","경기도 김포시 사우동 838-45도","16","41","436","매우나쁨"
"2023-04-10","13:15","경기","김포시","사우중로(남→북)","경기도 김포시 사우동 263-1대","경기도 김포시 북변동 834도","18","41","18","매우좋음"
"2023-04-10","13:30","경기","김포시","김포대로(동→서)","경기도 김포시 고촌읍 전호리 328-11구","경기도 김포시 월곶면 포내리 5-1도","18","40","9","매우좋음"
"2023-04-10","13:47","경기","김포시","김포한강11로(남→북)","경기도 김포시 운양동 1400-3도","경기도 김포시 운양동 1400 도","17","41","15","매우좋음"
"2023-04-10","14:06","경기","김포시","김포한강1로(동→서)","경기도 김포시 운양동 1403 도","경기도 김포시 장기동 1822 도","17","42","10","매우좋음"
"2023-04-10","14:25","경기","김포시","김포한강4로(동→서)","경기도 김포시 장기동 2081-1도","경기도 김포시 구래동 6900도","17","41","17","매우좋음"
"2023-04-10","14:45","경기","김포시","김포한강3로(서→동)","경기도 김포시 양촌읍 구래리 823-14답","경기도 김포시 감정동 384-6 답","17","43","5","매우좋음"
"2023-04-10","15:04","경기","김포시","김포한강2로(동→서)","경기도 김포시 운양동 1406-3도","경기도 김포시 장기동 1336 공","17","41","22","매우좋음"
"2023-04-10","15:24","경기","김포시","김포한강6로(북→남)","경기도 김포시 운양동 1245-38 전","경기도 김포시 장기동 1887-1도","18","39","6","매우좋음"
"2023-04-10","15:38","경기","김포시","중봉로(북→남)","경기도 김포시 걸포동 336-11도","경기도 김포시 감정동 511-3 답","18","38","22","매우좋음"
"2023-04-13","09:35","인천","서구","단봉로(동→서)","인천광역시 서구 왕길동 657도","인천광역시 서구 오류동 332-1 답","12","36","71","좋음"
"2023-04-13","09:47","인천","서구","보듬로(북→남)","인천광역시 서구 오류동 1704 도","인천광역시 서구 오류동 1668 도","13","38","24","매우좋음"
"2023-04-13","09:55","인천","서구","마중로(남→북)","인천광역시 서구 오류동 1668 도","인천광역시 서구 오류동 1706 도","12","41","117","보통"
"2023-04-13","10:17","인천","서구","원당대로(서→동)","인천광역시 서구 오류동 1114 답","인천광역시 서구 원당동 8-2답","14","33","130","보통"
"2023-04-13","10:38","인천","서구","고산후로(남→북)","인천광역시 서구 당하동 726-17도","인천광역시 서구 불로동 185-35 도","14","29","37","매우좋음"
"2023-04-13","10:48","인천","서구","검단로(동→서)","인천광역시 서구 불로동 산15-1도","인천광역시 서구 오류동 1461 유","14","27","46","매우좋음"
"2023-04-13","11:03","인천","서구","완정로(서→동)","인천광역시 서구 금곡동 158-15 도","인천광역시 서구 마전동 1096 도","14","29","31","매우좋음"
"2023-04-13","12:49","인천","서구","청마로(서→동)","인천광역시 서구 당하동 1116도","인천광역시 서구 당하동 1116도","16","18","98","좋음"
"2023-04-13","13:16","인천","서구","마전로(동→서)","인천광역시 서구 불로동 722-1답","인천광역시 서구 마전동 57-5답","15","18","5","매우좋음"
"2023-04-13","13:38","인천","서구","도담로(동→서)","인천광역시 서구 오류동 1687 도","인천광역시 서구 오류동 1671 도","14","26","315","매우나쁨"
"2023-04-13","11:18","경기","남양주시","사릉로(남→북)","경기도 남양주시 금곡동 428-13답","경기도 남양주시 진접읍 연평리 656-1 도","16","28","29","매우좋음"
"2023-04-13","11:38","경기","남양주시","양지로(남→북)","경기도 남양주시 오남읍 오남리 468-6 도","경기도 남양주시 오남읍 양지리 749-5 답","16","25","9","매우좋음"
"2023-04-13","11:55","경기","남양주시","금강로(남→북)","경기도 남양주시 진건읍 진관리 914-19천","경기도 남양주시 진접읍 팔야리 401-2도","17","26","24","매우좋음"
"2023-04-13","12:13","경기","남양주시","해밀예당1로(동→서)","경기도 남양주시 진접읍 금곡리 1127-39 도","경기도 남양주시 진접읍 연평리 107-7 도","16","23","13","매우좋음"
"2023-04-13","12:27","경기","남양주시","해밀예당3로(북→남)","경기도 남양주시 진접읍 장현리 230-28 도","경기도 남양주시 오남읍 양지리","17","23","22","매우좋음"
"2023-04-13","12:37","경기","남양주시","해밀예당2로(동→서)","경기도 남양주시 진접읍 금곡리 240-2도","경기도 남양주시 진접읍 금곡리 1127-4 도","17","24","31","매우좋음"
"2023-04-13","12:46","경기","남양주시","양진로(북→남)","경기도 남양주시 진접읍 연평리 134-12 천","경기도 남양주시 일패동 72-16 도","17","26","13","매우좋음"
"2023-04-13","13:12","경기","남양주시","홍유릉로(서→동)","경기도 남양주시 일패동 695-1구","경기도 남양주시 금곡동 428-8구","18","26","40","매우좋음"
"2023-04-13","13:15","경기","남양주시","경춘로(서→동)","경기도 남양주시 도농동 155-7천","경기도 남양주시 화도읍 구암리 산28-4임","17","25","31","매우좋음"
"2023-04-13","13:23","경기","남양주시","늘을1로(서→동)","경기도 남양주시 평내동 121-16도","경기도 남양주시 호평동 710-4도","18","25","6","매우좋음"
"2023-04-13","14:23","경기","남양주시","맷돌로(동→서)","경기도 남양주시 화도읍 마석우리 361도","경기도 남양주시 화도읍 묵현리 232-10 도","18","20","112","보통"
"2023-04-13","14:34","경기","남양주시","호평로(동→서)","경기도 남양주시 호평동 3-10전","경기도 남양주시 호평동 692도","17","20","15","매우좋음"
"2023-04-13","14:38","경기","남양주시","늘을3로(서→동)","경기도 남양주시 호평동 685도","경기도 남양주시 호평동 705-1 도","17","21","59","좋음"
"2023-04-13","14:55","경기","남양주시","늘을2로(북→남)","경기도 남양주시 호평동 686도","경기도 남양주시 평내동 156-4도","17","20","30","매우좋음"
"2023-04-13","15:00","경기","남양주시","의안로(북→남)","경기도 남양주시 평내동 130-53구","경기도 남양주시 금곡동 11-5도","17","21","27","매우좋음"
"2023-04-13","15:08","경기","남양주시","평내로(서→동)","경기도 남양주시 평내동 394-10도","경기도 남양주시 평내동 647도","17","21","42","매우좋음"
"2023-04-13","09:43","인천","남동구","경인로(북→남)","인천광역시 남동구 간석동 776도","인천광역시 남동구 간석동 540도","14","38","20","매우좋음"
"2023-04-13","10:00","인천","남동구","석정로(동→서)","인천광역시 남동구 간석동 613-6도","인천광역시 남동구 간석동 618-5도","14","35","6","매우좋음"
"2023-04-13","10:16","인천","남동구","석산로(북→남)","인천광역시 남동구 간석동 396구","인천광역시 남동구 간석동 923-3도","14","34","14","매우좋음"
"2023-04-13","10:36","인천","남동구","만수서로(서→동)","인천광역시 남동구 만수동 990도","인천광역시 남동구 만수동 391도","15","33","6","매우좋음"
"2023-04-13","10:42","인천","남동구","수현로(서→동)","인천광역시 남동구 만수동 822-40 도","인천광역시 남동구 장수동 397-6 도","15","32","8","매우좋음"
"2023-04-13","10:49","인천","남동구","담방로(북→남)","인천광역시 남동구 장수동 681-2도","인천광역시 남동구 만수동 1070도","15","31","3","매우좋음"
"2023-04-13","11:01","인천","남동구","장승남로(서→동)","인천광역시 남동구 수산동 13-15도","인천광역시 남동구 만수동 1037-1잡","15","26","2","매우좋음"
"2023-04-13","11:05","인천","남동구","매소홀로(동→서)","인천광역시 남동구 운연동 229-20 답","인천광역시 남동구 구월동 828-2천","15","28","3","매우좋음"
"2023-04-13","11:21","인천","남동구","인하로(동→서)","인천광역시 남동구 구월동 1583 도","인천광역시 남동구 구월동 1335-4 도","15","27","2","매우좋음"
"2023-04-13","11:29","인천","남동구","예술로(남→북)","인천광역시 남동구 구월동 1335-4 도","인천광역시 부평구 십정동 526-7도","15","26","3","매우좋음"
"2023-04-13","11:37","인천","남동구","백범로(서→동)","인천광역시 남동구 간석동 215-1도","인천광역시 남동구 장수동 657-2도","16","24","3","매우좋음"
"2023-04-13","11:57","인천","남동구","수인로(서→동)","인천광역시 남동구 장수동 657-2도","인천광역시 남동구 운연동 49-9도","16","23","2","매우좋음"
"2023-04-13","12:00","인천","남동구","인주대로(동→서)","인천광역시 남동구 운연동 107-1도","인천광역시 남동구 구월동 1335-5 도","15","22","8","매우좋음"
"2023-04-13","13:43","인천","남동구","문화로(북→남)","인천광역시 남동구 간석동 397-1 도","인천광역시 남동구 구월동 1335-4 도","16","17","10","매우좋음"
"2023-04-13","13:59","인천","남동구","구월로(서→동)","인천광역시 남동구 간석동 925도","인천광역시 남동구 만수동 990도","16","17","3","매우좋음"
"2023-04-13","14:16","인천","남동구","장아산로(북→남)","인천광역시 남동구 장수동 613-3도","인천광역시 남동구 서창동 631 도","17","20","3","매우좋음"
"2023-04-13","14:28","인천","남동구","서창남순환로(서→동)","인천광역시 남동구 서창동 754도","인천광역시 남동구 서창동 753도","17","20","6","매우좋음"
"2023-04-13","14:39","인천","남동구","서창방산로(서→동)","인천광역시 남동구 서창동 748 도","인천광역시 남동구 운연동 513-8 천","17","20","1","매우좋음"
"2023-04-13","14:50","인천","남동구","서창남로(남→북)","인천광역시 남동구 서창동 770도","인천광역시 남동구 수산동 393-7도","17","21","2","매우좋음"
"2023-04-13","10:06","경기","파주시","숲속노을로(남→북)","경기도 파주시 동패동 606-4 도","경기도 파주시 문발동 623도","13","38","177","나쁨"
"2023-04-13","10:22","경기","파주시","청석로(북→남)","경기도 파주시 다율동 349-7임","경기도 파주시 동패동 1345-3 도","14","35","150","보통"
"2023-04-13","10:43","경기","파주시","파주로(서→동)","경기도 파주시 문발동 211-5 도","경기도 파주시 법원읍 오현리 산25-1임","14","33","38","매우좋음"
"2023-04-13","10:55","경기","파주시","경의로(북→남)","경기도 파주시 아동동 299-16 도","경기도 고양시일산서구 덕이동 319-5도","15","29","32","매우좋음"
"2023-04-13","11:42","경기","파주시","미래로(남→북)","경기도 파주시 동패동 22-3 도","경기도 파주시 당하동 650-1 도","15","20","90","좋음"
"2023-04-13","11:53","경기","파주시","가람로(서→동)","경기도 파주시 와동동 1555도","경기도 파주시 와동동 803도","15","21","98","좋음"
"2023-04-13","11:57","경기","파주시","가람로116번길(북→남)","경기도 파주시 와동동 1524도","경기도 파주시 와동동 1486도","16","21","96","좋음"
"2023-04-13","12:02","경기","파주시","책향기로(동→서)","경기도 파주시 와동동 1421도","경기도 파주시 동패동 386-8전","15","19","112","보통"
"2023-04-13","12:30","경기","파주시","심학산로(서→동)","경기도 파주시 문발동 541-3 도","경기도 파주시 와동동 1421도","16","21","50","매우좋음"
"2023-04-13","12:44","경기","파주시","와석순환로(북→남)","경기도 파주시 와동동 1421도","경기도 파주시 야당동 998도","16","18","47","매우좋음"
"2023-04-13","13:08","경기","파주시","금릉역로(남→북)","경기도 파주시 상지석동 1097 도","경기도 파주시 금촌동 496-12 도","16","17","33","매우좋음"
"2023-04-13","13:16","경기","파주시","중앙로(서→동)","경기도 파주시 금촌동 329-10대","경기도 파주시 조리읍 등원리 294-6도","17","18","69","좋음"
"2023-04-13","13:33","경기","파주시","학령로(동→서)","경기도 파주시 아동동 51-10도","경기도 파주시 금릉동 176-4도","16","18","15","매우좋음"
"2023-04-13","13:38","경기","파주시","가나무로(동→서)","경기도 파주시 금릉동 211-1도","경기도 파주시 금촌동 978-1도","16","19","68","좋음"
"2023-04-13","13:46","경기","파주시","쇠재로(서→동)","경기도 파주시 금촌동 978-35도","경기도 파주시 금촌동 978-22도","16","18","8","매우좋음"
"2023-04-13","13:55","경기","파주시","시청로(남→북)","경기도 파주시 금촌동 962-22도","경기도 파주시 야동동 96-8도","16","22","115","보통"
"2023-04-13","14:09","경기","파주시","새꽃로(남→북)","경기도 파주시 금촌동 978-37도","경기도 파주시 월롱면 영태리 503-5도","16","21","134","보통"
"2023-04-13","10:36","경기","시흥시","서해안로(북→남)","경기도 시흥시 계수동 371-3 도","경기도 시흥시 정왕동 2207-26 도","14","27","3","매우좋음"
"2023-04-13","10:55","경기","시흥시","공단2대로(서→동)","경기도 시흥시 정왕동 1708-1 도","경기도 시흥시 정왕동 2117도","14","30","4","매우좋음"
"2023-04-13","11:05","경기","시흥시","공단3대로(동→서)","경기도 시흥시 정왕동 2207-24천","경기도 시흥시 정왕동 2207-26 도","14","31","12","매우좋음"
"2023-04-13","11:14","경기","시흥시","오이도로(남→북)","경기도 시흥시 정왕동 2207-26 도","경기도 시흥시 정왕동 1349-2 도","14","30","57","좋음"
"2023-04-13","11:26","경기","시흥시","공단1대로(서→동)","경기도 시흥시 정왕동 1349도","경기도 시흥시 정왕동 1305천","15","25","12","매우좋음"
"2023-04-13","11:45","경기","시흥시","번영로(남→북)","경기도 시흥시 정왕동 1299도","경기도 시흥시 정왕동 1633도","15","24","5","매우좋음"
"2023-04-13","11:52","경기","시흥시","정왕대로(동→서)","경기도 시흥시 정왕동 2155천","경기도 시흥시 정왕동 2139도","15","23","9","매우좋음"
"2023-04-13","12:15","경기","시흥시","옥구공원로(서→동)","경기도 시흥시 정왕동 2139도","경기도 시흥시 정왕동 1633도","15","22","17","매우좋음"
"2023-04-13","13:13","경기","시흥시","역전로(남→북)","경기도 시흥시 정왕동 1633도","경기도 시흥시 정왕동 1890도","16","20","74","좋음"
"2023-04-13","13:34","경기","시흥시","옥구천동로(북→남)","경기도 시흥시 정왕동 1890도","경기도 시흥시 정왕동 2207-10도","16","23","10","매우좋음"
"2023-04-13","13:58","경기","시흥시","마유로(남→북)","경기도 시흥시 정왕동 2207-18도","경기도 시흥시 계수동 산 111-12임","17","24","12","매우좋음"
"2023-04-13","14:37","경기","시흥시","정왕천로(북→남)","경기도 시흥시 정왕동 1220도","경기도 시흥시 정왕동 2207-22도","17","23","18","매우좋음"
"2023-04-13","14:57","경기","시흥시","경제로(동→서)","경기도 시흥시 정왕동 1385도","경기도 시흥시 정왕동 1349-2 도","17","23","20","매우좋음"
"2023-04-13","15:16","경기","시흥시","협력로(남→북)","경기도 시흥시 정왕동 2136도","경기도 시흥시 정왕동 1909도","17","23","48","매우좋음"
"2023-04-13","15:32","경기","시흥시","중심상가로(서→동)","경기도 시흥시 정왕동 1909도","경기도 시흥시 정왕동 1633도","17","22","29","매우좋음"
"2023-04-13","15:54","경기","시흥시","정왕신길로(동→서)","경기도 시흥시 정왕동 2155천","경기도 시흥시 정왕동 1893도","18","21","18","매우좋음"
"2023-04-13","16:12","경기","시흥시","옥구천동로374번길(서→동)","경기도 시흥시 정왕동 1898도","경기도 시흥시 정왕동 1916도","17","22","58","좋음"
"2023-04-14","09:26","인천","서구","드림로(동→서)","인천광역시 서구 당하동 661-12도","인천광역시 서구 왕길동 64-24 도","15","70","31","매우좋음"
"2023-04-14","09:43","인천","서구","한들로(서→동)","인천광역시 서구 백석동","인천광역시 서구 백석동 54-2 도","16","68","40","매우좋음"
"2023-04-14","09:51","인천","서구","승학로(북→남)","인천광역시 서구 검암동 71-17 도","인천광역시 서구 가정동 571도","16","67","40","매우좋음"
"2023-04-14","10:11","인천","서구","심곡로(북→남)","인천광역시 서구 공촌동 325도","인천광역시 서구 심곡동 354 도","16","66","53","좋음"
"2023-04-14","10:34","인천","서구","탁옥로(서→동)","인천광역시 서구 심곡동 354 도","인천광역시 서구 심곡동 311도","17","59","105","보통"
"2023-04-14","10:49","인천","서구","경명대로(동→서)","인천광역시 서구 공촌동 산163-24 도","인천광역시 서구 경서동 517-15 구","18","60","36","매우좋음"
"2023-04-14","11:09","인천","서구","로봇랜드로(북→남)","인천광역시 서구 경서동 514도","인천광역시 서구 원창동 437-27 잡","18","64","49","매우좋음"
"2023-04-14","12:53","인천","서구","북항로177번길(북→남)","인천광역시 서구 원창동 395-3 도","인천광역시 서구 원창동 395-20 도","19","55","42","매우좋음"
"2023-04-14","12:57","인천","서구","북항로207번길(남→북)","인천광역시 서구 원창동 485-1 도","인천광역시 서구 원창동 485-3 도","18","56","94","좋음"
"2023-04-14","13:01","인천","서구","북항로(서→동)","인천광역시 서구 원창동 437-23 잡","인천광역시 서구 석남동 648도","20","54","32","매우좋음"
"2023-04-14","13:13","인천","서구","중봉대로(남→북)","인천광역시 서구 가좌동 600-1 도","인천광역시 서구 금곡동 501-3도","20","51","53","좋음"
"2023-04-14","10:11","경기","남양주시","청학로(서→동)","경기도 남양주시 별내면 청학리 492-4도","경기도 남양주시 별내면 광전리 산76 도","16","75","37","매우좋음"
"2023-04-14","10:20","경기","남양주시","송산로(북→남)","경기도 남양주시 별내면 청학리 494-5 도","경기도 남양주시 퇴계원면 퇴계원리 359-53 도","16","75","15","매우좋음"
"2023-04-14","10:33","경기","남양주시","경춘북로(서→동)","경기도 남양주시 별내동 185-9천","경기도 남양주시 화도읍 구암리 산96-4도","16","79","94","좋음"
"2023-04-14","10:38","경기","남양주시","별내2로(동→서)","경기도 남양주시 퇴계원면 퇴계원리 325-30 구","경기도 남양주시 별내동 190-4 천","17","76","66","좋음"
"2023-04-14","10:45","경기","남양주시","별내3로(남→북)","경기도 남양주시 별내동 538-15 천","경기도 남양주시 별내동 820도","17","75","54","좋음"
"2023-04-14","10:58","경기","남양주시","순화궁로(북→남)","경기도 남양주시 별내면 청학리 500-5도","경기도 남양주시 별내동 1098도","17","74","61","좋음"
"2023-04-14","11:14","경기","남양주시","별내5로(서→동)","경기도 남양주시 별내동 1032 도","경기도 남양주시 별내동","18","74","51","좋음"
"2023-04-14","11:25","경기","남양주시","별내중앙로(동→서)","경기도 남양주시 별내동 996 도","경기도 남양주시 별내동 1098도","18","72","129","보통"
"2023-04-14","11:37","경기","남양주시","별내4로(서→동)","경기도 남양주시 별내동 1098-1도","경기도 남양주시 별내동 1053 도","19","70","69","좋음"
"2023-04-14","11:47","경기","남양주시","불암로(서→동)","경기도 남양주시 별내동 1098-1도","경기도 남양주시 진건읍 신월리 564 도","19","69","42","매우좋음"
"2023-04-14","12:04","경기","남양주시","진관로(북→남)","경기도 남양주시 퇴계원면 퇴계원리 6-1도","경기도 남양주시 지금동 산74-17 임","19","65","37","매우좋음"
"2023-04-14","13:06","경기","남양주시","가운로2길(북→남)","경기도 남양주시 가운동 711 도","경기도 남양주시 가운동 711 도","20","61","34","매우좋음"
"2023-04-14","13:13","경기","남양주시","가운로(남→북)","경기도 남양주시 가운동 545-12 도","경기도 남양주시 도농동 89-12 도","21","60","63","좋음"
"2023-04-14","13:19","경기","남양주시","도농로(남→북)","경기도 남양주시 도농동 53-13대","경기도 남양주시 지금동 577-5답","21","61","13","매우좋음"
"2023-04-14","09:51","인천","남동구","소래로(북→남)","인천광역시 남동구 만수동 990도","인천광역시 남동구 논현동 111-392 도","17","68","9","매우좋음"
"2023-04-14","10:07","인천","남동구","아암대로(동→서)","인천광역시 남동구 논현동 111-463 도","인천광역시 남동구 고잔동 793 도","17","69","13","매우좋음"
"2023-04-14","10:15","인천","남동구","논현고잔로(남→북)","인천광역시 남동구 고잔동 512-27 도","인천광역시 남동구 논현동 685도","17","66","85","좋음"
"2023-04-14","10:33","인천","남동구","앵고개로(동→서)","인천광역시 남동구 논현동 26-1 도","인천광역시 남동구 고잔동 744천","18","66","12","매우좋음"
"2023-04-14","10:53","인천","남동구","능허대로(서→동)","인천광역시 남동구 고잔동 744-1 천","인천광역시 남동구 고잔동 801 도","17","69","2","매우좋음"
"2023-04-14","11:01","인천","남동구","호구포로(남→북)","인천광역시 남동구 고잔동 793 도","인천광역시 남동구 만수동 산2-2 임","19","68","8","매우좋음"
"2023-04-14","11:34","인천","남동구","남동대로(북→남)","인천광역시 남동구 간석동 215-1도","인천광역시 남동구 고잔동 793 도","19","67","7","매우좋음"
"2023-04-14","12:56","인천","남동구","남동서로(남→북)","인천광역시 남동구 고잔동 788-1도","인천광역시 남동구 남촌동 635도","20","56","32","매우좋음"
"2023-04-14","13:07","인천","남동구","비류대로(서→동)","인천광역시 남동구 남촌동 632천","인천광역시 남동구 논현동 1-25유","21","53","5","매우좋음"
"2023-04-14","13:14","인천","남동구","논고개로(북→남)","인천광역시 남동구 도림동 26-9 도","인천광역시 남동구 논현동 809 도","21","55","10","매우좋음"
"2023-04-14","13:28","인천","남동구","소래역로(남→북)","인천광역시 남동구 논현동 727-1도","인천광역시 남동구 논현동 685도","20","55","57","좋음"
"2023-04-14","13:35","인천","남동구","포구로(북→남)","인천광역시 남동구 논현동 685도","인천광역시 남동구 논현동 111-339 도","20","54","49","매우좋음"
"2023-04-14","13:47","인천","남동구","청능대로(동→서)","인천광역시 남동구 논현동 26-1 도","인천광역시 남동구 고잔동 743제","21","51","11","매우좋음"
"2023-04-14","14:07","인천","남동구","은봉로(서→동)","인천광역시 남동구 논현동 471-4도","인천광역시 남동구 논현동 26-1 도","21","51","37","매우좋음"
"2023-04-14","14:24","인천","남동구","논현로(동→서)","인천광역시 남동구 논현동 693도","인천광역시 남동구 논현동 714도","21","49","4","매우좋음"
"2023-04-14","14:41","인천","남동구","은청로(동→서)","인천광역시 남동구 고잔동 768도","인천광역시 남동구 고잔동 748도","21","49","19","매우좋음"
"2023-04-14","09:53","경기","파주시","충현로(남→북)","경기도 파주시 파주읍 봉서리 353-2도","경기도 파주시 문산읍 선유리 478-2잡","14","75","28","매우좋음"
"2023-04-14","10:00","경기","파주시","돈유2로(동→서)","경기도 파주시 문산읍 선유리 1385 도","경기도 파주시 문산읍 선유리 1381 도","15","73","127","보통"
"2023-04-14","10:05","경기","파주시","돈유로(북→남)","경기도 파주시 문산읍 선유리 1384 도","경기도 파주시 파주읍 향양리 634-4 도","15","72","139","보통"
"2023-04-14","10:11","경기","파주시","우계로(남→북)","경기도 파주시 파주읍 파주리 552-3구","경기도 파주시 문산읍 선유리 966-40답","16","73","47","매우좋음"
"2023-04-14","10:24","경기","파주시","당동2로(동→서)","경기도 파주시 문산읍 당동리 934 도","경기도 파주시 문산읍 당동리 500-9 도","16","72","183","나쁨"
"2023-04-14","10:40","경기","파주시","서영로(동→서)","경기도 파주시 문산읍 내포리 1623 도","경기도 파주시 월롱면 덕은리 772-41 도","17","72","176","나쁨"
"2023-04-14","10:47","경기","파주시","엘씨디로(서→동)","경기도 파주시 월롱면 덕은리 772-41 도","경기도 파주시 월롱면 덕은리 535-11 도","17","73","79","좋음"
"2023-04-14","10:55","경기","파주시","엘지로(동→서)","경기도 파주시 월롱면 위전리 325-1도","경기도 파주시 탄현면 낙하리 321도","18","73","75","좋음"
"2023-04-14","11:49","경기","파주시","헤이리로(북→남)","경기도 파주시 탄현면 금산리 35-1도","경기도 파주시 탄현면 성동리 639도","19","68","168","나쁨"
"2023-04-14","11:57","경기","파주시","필승로(서→동)","경기도 파주시 탄현면 성동리 639도","경기도 파주시 탄현면 법흥리 1647도","19","67","70","좋음"
"2023-04-14","12:10","경기","파주시","약산로(동→서)","경기도 파주시 탄현면 법흥리 1603도","경기도 파주시 탄현면 법흥리 1603도","19","70","108","보통"
"2023-04-14","12:13","경기","파주시","법흥로(남→북)","경기도 파주시 탄현면 법흥리 1603도","경기도 파주시 탄현면 법흥리 1648도","19","69","68","좋음"
"2023-04-14","12:18","경기","파주시","성동로(동→서)","경기도 파주시 탄현면 법흥리 1782도","경기도 파주시 탄현면 성동리 642도","19","70","101","보통"
"2023-04-14","12:23","경기","파주시","얼음실로(북→남)","경기도 파주시 탄현면 법흥리 1643도","경기도 파주시 탄현면 법흥리 1647도","19","69","14","매우좋음"
"2023-04-14","12:44","경기","파주시","평화로(서→동)","경기도 파주시 탄현면 성동리 625도","경기도 파주시 금촌동 962-22도","19","70","29","매우좋음"
"2023-04-14","","경기","파주시","돈유3로(서→동)","경기도 파주시 문산읍 선유리 1381 도","경기도 파주시 문산읍 선유리 1373-14 장","14","75","391","매우나쁨"
"2023-04-14","10:11","경기","시흥시","계수로(동→서)","경기도 시흥시 과림동 79-4도","경기도 시흥시 계수동 747-19도","17","55","23","매우좋음"
"2023-04-14","10:20","경기","시흥시","대은로(북→남)","경기도 시흥시 은행동 581도","경기도 시흥시 대야동 산1-4도","17","55","22","매우좋음"
"2023-04-14","10:28","경기","시흥시","은행로(남→북)","경기도 시흥시 은행동 600-3도","경기도 시흥시 은행동 596도","17","56","12","매우좋음"
"2023-04-14","10:39","경기","시흥시","복지로(남→북)","경기도 시흥시 신천동 809-1 도","경기도 시흥시 대야동 420-30천","17","56","14","매우좋음"
"2023-04-14","10:48","경기","시흥시","수인로(서→동)","경기도 시흥시 신천동 598-1도","경기도 시흥시 조남동 산62-2도","18","55","21","매우좋음"
"2023-04-14","11:41","경기","시흥시","동서로(동→서)","경기도 시흥시 목감동 34-2도","경기도 시흥시 월곶동 520-229도","20","53","15","매우좋음"
"2023-04-14","12:16","경기","시흥시","월곶중앙로14번길(남→북)","경기도 시흥시 월곶동 1026도","경기도 시흥시 월곶동 1022도","20","53","39","매우좋음"
"2023-04-14","12:24","경기","시흥시","월곶중앙로(서→동)","경기도 시흥시 월곶동 1030도","경기도 시흥시 월곶동 1054도","20","55","20","매우좋음"
"2023-04-14","12:41","경기","시흥시","황고개로(북→남)","경기도 시흥시 장곡동 668-1도","경기도 시흥시 거모동 1262-3도","21","45","10","매우좋음"
"2023-04-14","13:05","경기","시흥시","군자로(남→북)","경기도 시흥시 거모동 1604-1도","경기도 시흥시 월곶동 942-30도","22","42","5","매우좋음"
"2023-04-14","13:24","경기","시흥시","인선길(동→서)","경기도 시흥시 장곡동 262-4전","경기도 시흥시 장곡동 496-6도","21","42","11","매우좋음"
"2023-04-14","13:41","경기","시흥시","시청로(동→서)","경기도 시흥시 광석동 386-1도","경기도 시흥시 장현동 105도","22","37","9","매우좋음"
"2023-04-14","13:47","경기","시흥시","시흥대로(북→남)","경기도 시흥시 신천동 809도","경기도 시흥시 군자동 산42-3임","22","36","6","매우좋음"
"2023-04-14","14:09","경기","시흥시","능곡로(남→북)","경기도 시흥시 화정동 651-3 도","경기도 시흥시 능곡동 769도","23","33","24","매우좋음"
"2023-04-14","14:23","경기","시흥시","승지로(남→북)","경기도 시흥시 능곡동 784도","경기도 시흥시 능곡동 488도","22","32","21","매우좋음"
"2023-04-14","14:32","경기","시흥시","연성로(동→서)","경기도 시흥시 광석동 54-10 도","경기도 시흥시 하중동 775-11 도","22","41","3","매우좋음"
"2023-04-14","14:40","경기","시흥시","관곡지로(서→동)","경기도 시흥시 하중동 377-5도","경기도 시흥시 하상동 307-4도","22","41","69","좋음"
"2023-04-14","14:51","경기","시흥시","하중로(남→북)","경기도 시흥시 광석동 337도","경기도 시흥시 하중동 137-20도","21","41","16","매우좋음"
"2023-04-17","09:53","서울","양천구","안양천로(북→남)","서울특별시 양천구 목동 560도","서울특별시 양천구 신정동 871-30도","15","70","21","매우좋음"
"2023-04-17","10:03","서울","양천구","목동로(남→북)","서울특별시 양천구 신정동 330-8제","서울특별시 양천구 신정동 1060도","15","70","10","매우좋음"
"2023-04-17","10:14","서울","양천구","등촌로(남→북)","목동 807-5","목동 606-3","15","67","15","매우좋음"
"2023-04-17","10:22","서울","양천구","공항대로(서→동)","목동 606-18","목동 518","16","65","27","매우좋음"
"2023-04-17","11:03","서울","양천구","목동서로(북→남)","서울특별시 양천구 목동 910-2제","서울특별시 양천구 신정동 324-4도","16","55","10","매우좋음"
"2023-04-17","11:15","서울","양천구","목동동로(서→동)","서울특별시 양천구 신정동 574-1도","서울특별시 양천구 목동 910-2제","16","54","6","매우좋음"
"2023-04-17","11:34","서울","양천구","목동중앙로(남→북)","서울특별시 양천구 목동 919-1도","서울특별시 양천구 목동 136-2도","16","54","37","매우좋음"
"2023-04-17","11:45","서울","양천구","신목로(북→남)","서울특별시 양천구 목동 916-1도","서울특별시 양천구 신정동 139-2제","17","52","5","매우좋음"
"2023-04-17","10:06","경기","수원시 장안구","경수대로(북→남)","경기도 수원시 장안구 파장동 산45임","경기도 수원시 장안구 연무동 161-13 도","15","65","9","매우좋음"
"2023-04-17","10:28","경기","수원시 팔달구","장다리로(북→남)","경기도 수원시 팔달구 인계동 930천","경기도 수원시 팔달구 인계동 1075구","15","63","31","매우좋음"
"2023-04-17","10:38","경기","수원시 권선구","장다리로(북→남)","경기도 수원시 권선구 권선동 1069구","경기도 수원시 권선구 세류동 1189구","15","61","35","매우좋음"
"2023-04-17","10:47","경기","수원시 권선구","덕영대로1190번길(북→남)","경기도 수원시 권선구 권선동 1212도","경기도 수원시 권선구 권선동 1337-9 도","15","61","30","매우좋음"
"2023-04-17","10:53","경기","수원시 권선구","덕영대로1246번길(남→북)","경기도 수원시 권선구 권선동 1337-9 도","경기도 수원시 권선구 권선동 1281도","15","62","59","좋음"
"2023-04-17","11:02","경기","수원시 권선구","권광로(남→북)","경기도 수원시 권선구 권선동 1281도","경기도 수원시 팔달구 인계동 1142도","16","55","12","매우좋음"
"2023-04-17","11:08","경기","수원시 팔달구","권광로(남→북)","경기도 수원시 팔달구 인계동 1142도","경기도 수원시 팔달구 우만동 산51-6도","16","55","7","매우좋음"
"2023-04-17","11:15","경기","수원시 팔달구","광교로(남→북)","경기도 수원시 팔달구 우만동 산51-6도","경기도 수원시 팔달구 우만동 1-9임","16","55","2","매우좋음"
"2023-04-17","11:18","경기","수원시 영통구","광교로(남→북)","경기도 수원시 영통구 이의동 1381도","경기도 수원시 영통구 이의동 1223-2도","16","54","6","매우좋음"
"2023-04-17","11:34","경기","수원시 영통구","창룡대로(동→서)","경기도 수원시 영통구 이의동 1374도","경기도 수원시 영통구 이의동 0-1가","16","50","0","매우좋음"
"2023-04-17","11:41","경기","수원시 팔달구","창룡대로(동→서)","경기도 수원시 팔달구 우만동 459도","경기도 수원시 팔달구 북수동 421-1도","17","48","2","매우좋음"
"2023-04-17","11:50","경기","수원시 팔달구","중부대로(서→동)","경기도 수원시 팔달구 중동 153도","경기도 수원시 팔달구 우만동 447도","17","46","21","매우좋음"
"2023-04-17","12:02","경기","수원시 영통구","매영로(서→동)","경기도 수원시 영통구 매탄동 910도","경기도 수원시 영통구 영통동 1087도","17","42","7","매우좋음"
"2023-04-17","13:01","경기","수원시 영통구","청명북로(남→북)","경기도 수원시 영통구 영통동 1079도","경기도 수원시 영통구 영통동 1057-1도","17","39","11","매우좋음"
"2023-04-17","13:12","경기","수원시 영통구","반달로(북→남)","경기도 수원시 영통구 영통동 1055도","경기도 수원시 영통구 영통동 1055도","17","37","14","매우좋음"
"2023-04-17","13:23","경기","수원시 영통구","봉영로(남→북)","경기도 수원시 영통구 망포동 574-6 도","경기도 용인시기흥구 영덕동 829-4도","18","37","5","매우좋음"
"2023-04-17","13:37","경기","수원시 영통구","동탄원천로(북→남)","경기도 수원시 영통구 원천동 626도","경기도 수원시 영통구 매탄동 673-85 도","18","36","3","매우좋음"
"2023-04-17","13:52","경기","수원시 영통구","동탄지성로(남→북)","경기도 수원시 영통구 망포동 669-3 도","경기도 수원시 영통구 망포동 38-3 도","18","36","7","매우좋음"
"2023-04-17","13:57","경기","수원시 영통구","삼성로(남→북)","경기도 수원시 영통구 망포동 38-3 도","경기도 용인시기흥구 영덕동 889도","19","34","8","매우좋음"
"2023-04-17","14:13","경기","수원시 영통구","광교호수공원로(남→북)","경기도 수원시 영통구 원천동 147-3 도","경기도 수원시 영통구 하동 산62-13 임","19","37","6","매우좋음"
"2023-04-17","14:18","경기","수원시 영통구","도청로(동→서)","경기도 수원시 영통구 이의동 산127-27 임","경기도 수원시 영통구 이의동 1381도","18","36","5","매우좋음"
"2023-04-17","09:41","서울","영등포구","양평로(서→동)","서울특별시 영등포구 양평동 28-1천","서울특별시 영등포구 영등포동8가 86-3 도","15","59","24","매우좋음"
"2023-04-17","09:50","서울","영등포구","영신로(북→남)","서울특별시 영등포구 당산동5가 11-37도","서울특별시 영등포구 도림동 1-22도","14","59","91","좋음"
"2023-04-17","10:11","서울","영등포구","대방천로(동→서)","서울특별시 영등포구 신길동 3937-7 천","서울특별시 영등포구 도림동 273-2천","15","56","103","보통"
"2023-04-17","10:25","서울","영등포구","가마산로(서→동)","서울특별시 영등포구 대림동 774도","서울특별시 영등포구 신길동 4880도","16","54","130","보통"
"2023-04-17","10:40","서울","영등포구","도신로(동→서)","서울특별시 영등포구 신길동 98-4도","서울특별시 영등포구 대림동 647-2제","16","53","64","좋음"
"2023-04-17","10:56","서울","영등포구","신풍로(서→동)","서울특별시 영등포구 신길동 399 도","서울특별시 영등포구 신길동 4884도","17","47","83","좋음"
"2023-04-17","11:11","서울","영등포구","디지털로(남→북)","서울특별시 영등포구 대림동 1064-3 천","서울특별시 영등포구 대림동 907-32구","16","48","127","보통"
"2023-04-17","11:20","서울","영등포구","대림로(남→북)","서울특별시 영등포구 대림동 990-130도","서울특별시 영등포구 대림동 699도","17","47","86","좋음"
"2023-04-17","11:35","서울","영등포구","도림로(남→북)","서울특별시 영등포구 대림동 1053-6 천","서울특별시 영등포구 문래동4가 9-11 도","17","45","62","좋음"
"2023-04-17","12:00","서울","영등포구","당산로(남→북)","서울특별시 영등포구 문래동3가 59-1도","서울특별시 영등포구 당산동 91-2 도","17","42","35","매우좋음"
"2023-04-17","12:17","서울","영등포구","선유로(북→남)","서울특별시 영등포구 당산동 372 천","서울특별시 영등포구 문래동5가 5-1도","18","40","42","매우좋음"
"2023-04-17","12:34","서울","영등포구","영등포로(서→동)","서울특별시 영등포구 양평동2가 42-1도","서울특별시 영등포구 신길동 산168도","17","42","28","매우좋음"
"2023-04-17","12:51","서울","영등포구","신길로(북→남)","서울특별시 영등포구 영등포동1가 97-4도","서울특별시 영등포구 대림동 951-1도","17","43","36","매우좋음"
"2023-04-17","13:10","서울","영등포구","여의대방로(서→동)","서울특별시 영등포구 여의도동 523 천","서울특별시 영등포구 여의도동 87-3천","17","48","41","매우좋음"
"2023-04-17","13:30","서울","영등포구","여의서로(동→서)","서울특별시 영등포구 여의도동 8-1도","서울특별시 영등포구 여의도동 2-9도","17","47","24","매우좋음"
"2023-04-17","13:41","서울","영등포구","의사당대로(북→남)","서울특별시 영등포구 여의도동 1-1도","서울특별시 영등포구 여의도동 5도","18","46","20","매우좋음"
"2023-04-17","13:48","서울","영등포구","국제금융로(남→북)","서울특별시 영등포구 여의도동 7-21도","서울특별시 영등포구 여의도동 2-11도","17","46","57","좋음"
"2023-04-17","13:56","서울","영등포구","여의동로(서→동)","서울특별시 영등포구 여의도동 3-9도","서울특별시 영등포구 여의도동 8-1도","17","46","40","매우좋음"
"2023-04-17","14:09","서울","영등포구","여의공원로(동→서)","서울특별시 영등포구 여의도동 2-11도","서울특별시 영등포구 여의도동 1-10도","17","44","43","매우좋음"
"2023-04-17","14:18","서울","영등포구","여의나루로(서→동)","서울특별시 영등포구 여의도동 3-9도","서울특별시 영등포구 여의도동 8-13 도","18","43","27","매우좋음"
"2023-04-17","14:28","서울","영등포구","국회대로(동→서)","서울특별시 마포구 당인동 313 천","서울특별시 영등포구 양평동3가 57-5도","18","41","31","매우좋음"
"2023-04-17","10:42","서울","송파구","송파대로(북→남)","서울특별시 광진구 자양동 753-2도","서울특별시 송파구 장지동 596-21도","17","47","5","매우좋음"
"2023-04-17","11:19","서울","송파구","새말로(동→서)","서울특별시 송파구 문정동 114-2도","서울특별시 송파구 문정동 446-4 천","17","40","7","매우좋음"
"2023-04-17","11:34","서울","송파구","충민로(서→동)","서울특별시 송파구 문정동 305-24 도","서울특별시 송파구 장지동 839-7 도","17","38","33","매우좋음"
"2023-04-17","11:44","서울","송파구","송이로(남→북)","서울특별시 송파구 장지동 839-7 도","서울특별시 송파구 송파동 152-1도","17","37","19","매우좋음"
"2023-04-17","12:03","서울","송파구","마천로(서→동)","서울특별시 송파구 방이동 209-7도","서울특별시 송파구 거여동 575전","17","39","18","매우좋음"
"2023-04-17","12:36","서울","송파구","거마로(남→북)","서울특별시 송파구 거여동 20-14도","서울특별시 송파구 마천동 63-8 도","17","37","57","좋음"
"2023-04-17","12:47","서울","송파구","오금로(동→서)","서울특별시 송파구 거여동 산63-2 구","서울특별시 송파구 신천동 15도","17","38","8","매우좋음"
"2023-04-17","13:20","서울","송파구","올림픽로35길(서→동)","서울특별시 송파구 신천동 3도","서울특별시 송파구 신천동 26도","17","37","8","매우좋음"
"2023-04-17","13:27","서울","송파구","위례성대로(서→동)","서울특별시 송파구 신천동 26도","서울특별시 송파구 방이동 452-17 도","18","37","19","매우좋음"
"2023-04-17","14:15","서울","송파구","문정로(북→남)","서울특별시 송파구 마천동 산21-1 도","서울특별시 송파구 문정동 119-4 도","18","36","13","매우좋음"
"2023-04-17","14:28","서울","송파구","동남로(남→북)","서울특별시 송파구 문정동 150-14 도","서울특별시 송파구 방이동 434-1임","18","33","25","매우좋음"
"2023-04-17","14:47","서울","송파구","중대로(동→서)","서울특별시 송파구 오금동 3-6도","서울특별시 송파구 가락동 616-1천","18","34","10","매우좋음"
"2023-04-17","14:59","서울","송파구","양재대로(남→북)","서울특별시 송파구 가락동 520천","서울특별시 송파구 방이동 89-29도","19","34","4","매우좋음"
"2023-04-19","09:17","인천","서구","서곶로(북→남)","인천광역시 서구 불로동 724-14답","인천광역시 서구 가정동 590 도","17","75","14","매우좋음"
"2023-04-19","09:41","인천","서구","봉오대로(서→동)","인천광역시 서구 원창동 450-3도","인천광역시 서구 가정동 산104-9 임","18","70","1","매우좋음"
"2023-04-19","09:51","인천","서구","가정로(북→남)","인천광역시 서구 가정동 571도","인천광역시 서구 가좌동 589-1도","19","63","66","좋음"
"2023-04-19","10:10","인천","서구","봉수대로(남→북)","인천광역시 서구 가좌동 178-210도","인천광역시 서구 금곡동 516-13 도","19","60","105","보통"
"2023-04-19","10:37","인천","서구","염곡로(북→남)","인천광역시 서구 연희동 132-12 도","인천광역시 서구 가좌동 589-1도","20","58","38","매우좋음"
"2023-04-19","11:10","인천","서구","장고개로(남→북)","인천광역시 서구 가좌동 180-170도","인천광역시 서구 가좌동 2-1잡","21","56","18","매우좋음"
"2023-04-19","11:17","인천","서구","건지로(동→서)","인천광역시 서구 가좌동 산144임","인천광역시 서구 석남동 647-2 도","22","54","18","매우좋음"
"2023-04-19","11:25","인천","서구","석남로(서→동)","인천광역시 서구 석남동 223-114 도","인천광역시 서구 석남동 622 도","21","54","420","매우나쁨"
"2023-04-19","13:07","인천","서구","율도로(동→서)","인천광역시 서구 석남동 597도","인천광역시 서구 석남동 산117-15 도","25","41","17","매우좋음"
"2023-04-19","13:14","인천","서구","원창로(서→동)","인천광역시 서구 원창동 410-10도","인천광역시 서구 가정동 578도","25","42","27","매우좋음"
"2023-04-19","13:59","경기","김포시","양곡로(동→서)","경기도 김포시 운양동 1210-3임","경기도 김포시 양촌읍 양곡리 371-25도","25","37","11","매우좋음"
"2023-04-19","14:06","경기","김포시","양곡4로(서→동)","경기도 김포시 구래동 5403도","경기도 김포시 양촌읍 양곡리 1503 도","25","37","382","매우나쁨"
"2023-04-19","14:16","경기","김포시","양곡2로(북→남)","경기도 김포시 양촌읍 양곡리 248-3 답","경기도 김포시 구래동 5419전","26","37","19","매우좋음"
"2023-04-19","14:20","경기","김포시","김포한강7로(북→남)","경기도 김포시 구래동 5419전","경기도 김포시 구래동 6906도","27","36","12","매우좋음"
"2023-04-19","14:28","경기","김포시","김포한강8로(북→남)","경기도 김포시 구래동 6900도","경기도 김포시 마산동 692도","26","37","26","매우좋음"
"2023-04-19","14:41","경기","김포시","김포한강9로(남→북)","경기도 김포시 구래동 6900도","경기도 김포시 구래동 5115도","27","36","32","매우좋음"
"2023-04-19","14:57","경기","김포시","황금1로(북→남)","경기도 김포시 대곶면 대능리 90-7전","경기도 김포시 양촌읍 대포리 322-88 답","27","37","38","매우좋음"
"2023-04-19","15:11","경기","김포시","황금로(서→동)","경기도 김포시 양촌읍 학운리 447-131 도","경기도 김포시 양촌읍 대포리 35-2 답","27","37","18","매우좋음"
"2023-04-19","15:16","경기","김포시","황금1로80번길(동→서)","경기도 김포시 양촌읍 학운리 3140 도","경기도 김포시 양촌읍 학운리 3126 도","27","37","10","매우좋음"
"2023-04-19","09:23","경기","고양시 일산동구","호수로(남→북)","경기도 고양시일산동구 백석동 929-1 천","경기도 고양시일산동구 장항동 1519도","17","100","10","매우좋음"
"2023-04-19","09:32","경기","고양시 일산서구","호수로(동→서)","경기도 고양시일산서구 주엽동 167도","경기도 고양시일산서구 대화동 2513도","18","99","13","매우좋음"
"2023-04-19","09:54","경기","고양시 일산서구","고양대로(서→동)","경기도 고양시일산서구 법곳동 740천","경기도 고양시일산서구 일산동 1653도","19","97","21","매우좋음"
"2023-04-19","10:10","경기","고양시 일산동구","고양대로(서→동)","경기도 고양시일산동구 중산동 1678도","경기도 고양시덕양구 주교동 산170도","20","85","32","매우좋음"
"2023-04-19","10:15","경기","고양시 일산동구","무궁화로(동→서)","경기도 고양시일산동구 식사동 784-4도","경기도 고양시일산동구 장항동 1518도","20","83","37","매우좋음"
"2023-04-19","10:31","경기","고양시 일산서구","고봉로(남→북)","경기도 고양시일산서구 주엽동 167도","경기도 고양시일산동구 성석동 1305-7도","21","79","15","매우좋음"
"2023-04-19","11:24","경기","고양시 일산서구","경의로(북→남)","경기도 고양시일산서구 덕이동 319-2도","경기도 고양시일산서구 일산동 1412도","23","58","15","매우좋음"
"2023-04-19","11:36","경기","고양시 일산동구","경의로(북→남)","경기도 고양시일산동구 정발산동 1414도","경기도 고양시일산동구 백석동 1508도","23","58","18","매우좋음"
"2023-04-19","11:51","경기","고양시 일산동구","일산로(남→북)","경기도 고양시일산동구 백석동 1508도","경기도 고양시일산동구 정발산동 1486도","23","57","24","매우좋음"
"2023-04-19","12:05","경기","고양시 일산서구","일산로(동→서)","경기도 고양시일산서구 일산동 1485도","경기도 고양시일산서구 대화동 2560도","24","55","14","매우좋음"
"2023-04-19","12:19","경기","고양시 일산서구","중앙로(서→동)","경기도 고양시일산서구 가좌동 157-12도","경기도 고양시일산서구 주엽동 166도","24","56","24","매우좋음"
"2023-04-19","12:25","경기","고양시 일산동구","중앙로(북→남)","경기도 고양시일산동구 정발산동 1603도","경기도 고양시일산동구 백석동 1632-2구","24","55","17","매우좋음"
"2023-04-19","12:44","경기","고양시 일산동구","백석로(동→서)","경기도 고양시일산동구 백석동 1401 도","경기도 고양시일산동구 백석동 1508도","25","52","44","매우좋음"
"2023-04-19","12:49","경기","고양시 일산동구","강촌로(서→동)","경기도 고양시일산동구 백석동 1508도","경기도 고양시일산동구 마두동 1113도","25","53","42","매우좋음"
"2023-04-19","13:00","경기","고양시 일산동구","백마로(동→서)","경기도 고양시일산동구 식사동 491-51 도","경기도 고양시일산동구 장항동 537-43도","26","49","13","매우좋음"
"2023-04-19","13:07","경기","고양시 일산동구","정발산로(서→동)","경기도 고양시일산동구 장항동 1518도","경기도 고양시일산동구 마두동 1099도","25","50","36","매우좋음"
"2023-04-19","13:21","경기","고양시 일산서구","강선로(북→남)","경기도 고양시일산서구 일산동 1408도","경기도 고양시일산서구 주엽동 170도","26","47","16","매우좋음"
"2023-04-19","13:30","경기","고양시 일산서구","주엽로(남→북)","경기도 고양시일산서구 대화동 2607 도","경기도 고양시일산서구 주엽동 144도","26","51","7","매우좋음"
"2023-04-19","13:40","경기","고양시 일산서구","킨텍스로(북→남)","경기도 고양시일산서구 대화동 2341도","경기도 고양시일산서구 대화동 1942-111도","26","48","15","매우좋음"
"2023-04-19","13:49","경기","고양시 일산서구","주화로(서→동)","경기도 고양시일산서구 대화동 2428도","경기도 고양시일산서구 주엽동 167도","26","47","65","좋음"
"2023-04-19","14:04","경기","고양시 일산서구","강성로(동→서)","경기도 고양시일산서구 주엽동 165도","경기도 고양시일산서구 대화동 2428도","27","46","61","좋음"
"2023-04-19","14:13","경기","고양시 일산서구","대산로(서→동)","경기도 고양시일산서구 덕이동 936-6도","경기도 고양시일산서구 일산동 1552도","27","44","32","매우좋음"
"2023-04-19","10:39","경기","수원시 영통구","청명로(북→남)","경기도 수원시 영통구 영통동 1057-2도","경기도 수원시 영통구 영통동 1069도","21","65","18","매우좋음"
"2023-04-19","10:46","경기","수원시 영통구","덕영대로(동→서)","경기도 수원시 영통구 영통동","경기도 수원시 영통구 신동 550-47천","21","66","6","매우좋음"
"2023-04-19","10:57","경기","수원시 권선구","덕영대로(동→서)","경기도 수원시 권선구 곡반정동 97-3천","경기도 수원시 권선구 세류동 201도","22","61","7","매우좋음"
"2023-04-19","11:11","경기","수원시 팔달구","매산로(서→동)","경기도 수원시 팔달구 매산로1가 103-1 도","경기도 수원시 팔달구 인계동 934-2천","22","59","10","매우좋음"
"2023-04-19","11:23","경기","수원시 권선구","세권로(서→동)","경기도 수원시 권선구 세류동 259도","경기도 수원시 권선구 권선동 1308도","23","57","31","매우좋음"
"2023-04-19","11:44","경기","수원시 팔달구","권중로(북→남)","경기도 수원시 권선구 권선동 1183도","경기도 수원시 권선구 권선동 1280-1도","24","51","45","매우좋음"
"2023-04-19","11:59","경기","수원시 팔달구","정조로(남→북)","경기도 수원시 팔달구 매교동 283도","경기도 수원시 팔달구 북수동 421-1도","24","49","7","매우좋음"
"2023-04-19","12:08","경기","수원시 장안구","정조로(남→북)","경기도 수원시 장안구 영화동 381-12도","경기도 수원시 장안구 송죽동 465도","25","47","12","매우좋음"
"2023-04-19","12:51","경기","수원시 장안구","수일로(서→동)","경기도 수원시 장안구 파장동 209-2도","경기도 수원시 장안구 하광교동 423-5 도","25","45","26","매우좋음"
"2023-04-19","13:04","경기","수원시 장안구","광교산로(북→남)","경기도 수원시 장안구 상광교동 20-1임","경기도 수원시 장안구 영화동 381-1 도","25","47","32","매우좋음"
"2023-04-19","13:17","경기","수원시 팔달구","팔달로(북→남)","경기도 수원시 장안구 영화동 107-7도","경기도 수원시 팔달구 고등동 261-7도","27","39","8","매우좋음"
"2023-04-19","13:34","경기","수원시 장안구","일월로(서→동)","경기도 수원시 장안구 율전동 470-8 도","경기도 수원시 장안구 천천동 427-4도","27","36","5","매우좋음"
"2023-04-19","13:36","경기","수원시 장안구","정자천로(서→동)","경기도 수원시 장안구 정자동 935도","경기도 수원시 장안구 정자동 836-5도","26","38","10","매우좋음"
"2023-04-19","13:47","경기","수원시 팔달구","대평로(북→남)","경기도 수원시 장안구 정자동 487-11도","경기도 수원시 팔달구 화서동 352-5답","27","37","18","매우좋음"
"2023-04-19","13:55","경기","수원시 팔달구","화산로(남→북)","경기도 수원시 팔달구 화서동 689-4구","경기도 수원시 팔달구 화서동 712-1도","28","36","5","매우좋음"
"2023-04-19","14:07","경기","수원시 장안구","덕영대로(동→서)","경기도 수원시 장안구 정자동 931-2천","경기도 수원시 장안구 율전동 557-3 도","28","35","5","매우좋음"
"2023-04-19","14:19","경기","수원시 장안구","상률로(서→동)","경기도 수원시 장안구 율전동 544-2 도","경기도 수원시 장안구 천천동 19-5도","27","37","37","매우좋음"
"2023-04-19","14:25","경기","수원시 장안구","천천로(북→남)","경기도 수원시 장안구 이목동 407도","경기도 수원시 장안구 정자동 931-2천","27","35","14","매우좋음"
"2023-04-19","14:32","경기","수원시 장안구","만석로(서→동)","경기도 수원시 장안구 천천동 535도","경기도 수원시 장안구 송죽동 65-1도","28","34","8","매우좋음"
"2023-04-19","14:44","경기","수원시 장안구","송원로(북→남)","경기도 수원시 장안구 조원동 842-1도","경기도 수원시 장안구 송죽동 350-1도","28","33","10","매우좋음"
"2023-04-19","14:53","경기","수원시 장안구","송정로(동→서)","경기도 수원시 장안구 조원동 792도","경기도 수원시 장안구 정자동 836-5도","28","34","17","매우좋음"
"2023-04-19","10:15","서울","용산구","새창로(남→북)","서울특별시 용산구 한강로2가 181-2도","서울특별시 용산구 도원동 27도","19","70","56","좋음"
"2023-04-19","10:22","서울","용산구","백범로(서→동)","서울특별시 용산구 효창동 5-654도","서울특별시 용산구 한강로1가 97도","20","69","75","좋음"
"2023-04-19","10:39","서울","용산구","원효로(동→서)","서울특별시 용산구 원효로1가 109-1도","서울특별시 용산구 청암동 110 도","20","67","66","좋음"
"2023-04-19","10:51","서울","용산구","한강대로(남→북)","서울특별시 용산구 이촌동 372천","서울특별시 용산구 동자동 43-207도","21","64","30","매우좋음"
"2023-04-19","11:08","서울","용산구","청파로(북→남)","서울특별시 용산구 서계동 217-2 도","서울특별시 용산구 이촌동 322천","21","60","50","매우좋음"
"2023-04-19","11:18","서울","용산구","이촌로(서→동)","서울특별시 용산구 원효로4가 113-54천","서울특별시 용산구 서빙고동 288-1천","21","61","18","매우좋음"
"2023-04-19","11:34","서울","용산구","녹사평대로(남→북)","서울특별시 용산구 서빙고동 287-3천","서울특별시 중구 회현동1가 산1-2임","22","58","14","매우좋음"
"2023-04-19","11:47","서울","용산구","소월로(서→동)","서울특별시 용산구 후암동 30-82대","서울특별시 용산구 한남동 726-468도","22","56","18","매우좋음"
"2023-04-19","11:54","서울","용산구","한남대로(북→남)","서울특별시 용산구 한남동 산9-19임","서울특별시 용산구 한남동 782천","23","54","15","매우좋음"
"2023-04-19","12:05","서울","용산구","독서당로(남→북)","서울특별시 용산구 한남동 539-1도","서울특별시 용산구 한남동 60-69도","23","52","15","매우좋음"
"2023-04-19","12:16","서울","용산구","서빙고로(동→서)","서울특별시 용산구 한남동 773-17철","서울특별시 용산구 한강로3가 43-1도","24","50","19","매우좋음"
"2023-04-19","12:49","서울","영등포구","문래로(동→서)","서울특별시 영등포구 영등포동4가 53-3도","서울특별시 영등포구 문래동6가 45-2도","25","46","60","좋음"
"2023-04-19","13:08","서울","영등포구","경인로(서→동)","서울특별시 영등포구 문래동2가 68 천","서울특별시 영등포구 여의도동 3-9도","25","44","47","매우좋음"
"2023-04-19","13:19","서울","영등포구","버드나루로(남→북)","서울특별시 영등포구 영등포동2가 174-1도","서울특별시 영등포구 영등포동8가 88-1 도","25","43","41","매우좋음"
"2023-04-19","13:24","서울","영등포구","영중로(북→남)","서울특별시 영등포구 영등포동8가 86-3 도","서울특별시 영등포구 영등포동4가 440-10도","26","42","25","매우좋음"
"2023-04-19","13:39","서울","영등포구","도영로(동→서)","서울특별시 영등포구 영등포동 647-5도","서울특별시 영등포구 대림동 623-2 제","26","41","94","좋음"
"2023-04-19","11:08","서울","양천구","가로공원로(동→서)","서울특별시 양천구 신월동","서울특별시 양천구 신월동 39-5 도","22","52","17","매우좋음"
"2023-04-19","11:24","서울","양천구","화곡로(서→동)","서울특별시 양천구 신월동 38-6 도","서울특별시 양천구 신월동 258도","22","51","9","매우좋음"
"2023-04-19","11:34","서울","양천구","남부순환로(북→남)","서울특별시 양천구 신월동","서울특별시 양천구 신정동 857-3 도","22","50","6","매우좋음"
"2023-04-19","12:07","서울","양천구","신월로(동→서)","서울특별시 양천구 신정동 1094도","서울특별시 양천구 신월동 728-28 도","24","45","8","매우좋음"
"2023-04-19","12:31","서울","양천구","신정이펜1로(서→동)","서울특별시 양천구 신정동 1322-1 공","서울특별시 양천구 신정동 1316-9 도","23","46","67","좋음"
"2023-04-19","12:35","서울","양천구","신정로7길(북→남)","서울특별시 양천구 신정동 산 125-24 도","서울특별시 양천구 신정동 828 도","23","46","17","매우좋음"
"2023-04-19","12:46","서울","양천구","신정로(서→동)","서울특별시 양천구 신정동 831-2 도","서울특별시 양천구 신정동 574-1도","25","43","6","매우좋음"
"2023-04-19","12:54","서울","양천구","목동로3길(서→동)","서울특별시 양천구 신정동 620-2도","서울특별시 양천구 신정동 328-5도","24","44","21","매우좋음"
"2023-04-19","12:59","서울","양천구","목동남로(동→서)","서울특별시 양천구 신정동 330-9도","서울특별시 양천구 신정동 325-12도","25","42","8","매우좋음"
"2023-04-19","13:02","서울","양천구","중앙로(남→북)","서울특별시 양천구 신정동 620-2도","서울특별시 양천구 신월동 862도","26","39","12","매우좋음"
"2023-04-19","13:20","서울","양천구","오목로(동→서)","서울특별시 양천구 목동 409-379천","서울특별시 양천구 신월동 838도","26","38","8","매우좋음"
"2023-04-19","11:53","경기","과천시","경마공원대로(남→북)","경기도 과천시 막계동 254-13임","경기도 과천시 과천동 356-5도","23","44","119","보통"
"2023-04-19","12:03","경기","과천시","과천대로(북→남)","경기도 과천시 과천동 산95-11도","경기도 과천시 갈현동 622-8도","24","39","12","매우좋음"
"2023-04-19","12:19","경기","과천시","별양로(남→북)","경기도 과천시 원문동 8-1도","경기도 과천시 중앙동 88도","24","41","70","좋음"
"2023-04-19","12:26","경기","과천시","관문로(북→남)","경기도 과천시 중앙동 88도","경기도 과천시 중앙동 64도","24","40","27","매우좋음"
"2023-04-19","12:34","경기","과천시","교육원로(서→동)","경기도 과천시 중앙동 64도","경기도 과천시 중앙동 61도","24","41","100","좋음"
"2023-04-19","12:47","경기","과천시","중앙로(북→남)","경기도 과천시 과천동 28-3도","경기도 과천시 갈현동 635-3구","26","37","13","매우좋음"
"2023-04-20","08:53","인천","서구","국제대로(동→서)","인천광역시 서구 가정동 산2-3도","인천광역시 서구 경서동 589 답","15","90","2","매우좋음"
"2023-04-20","09:06","인천","서구","청라사파이어로(북→남)","인천광역시 서구 경서동 834-138도","인천광역시 서구 원창동 420-3전","14","89","44","매우좋음"
"2023-04-20","09:14","인천","서구","청라커낼로(남→북)","인천광역시 서구 경서동 669-8 도","인천광역시 서구 경서동 836-99도","15","90","17","매우좋음"
"2023-04-20","09:27","인천","서구","청라라임로(북→남)","인천광역시 서구 연희동 812도","인천광역시 서구 연희동 824도","15","89","22","매우좋음"
"2023-04-20","09:34","인천","서구","청라에메랄드로(남→북)","인천광역시 서구 연희동 824도","인천광역시 서구 연희동 812도","15","88","44","매우좋음"
"2023-04-20","09:43","인천","서구","담지로(북→남)","인천광역시 서구 연희동 812도","인천광역시 서구 연희동 823도","15","87","22","매우좋음"
"2023-04-20","09:50","인천","서구","청중로(동→서)","인천광역시 서구 가정동 630 도","인천광역시 서구 원창동 433도","15","87","15","매우좋음"
"2023-04-20","10:09","인천","서구","비지니스로(북→남)","인천광역시 서구 경서동 920-10도","인천광역시 서구 경서동 979-5도","15","89","55","좋음"
"2023-04-20","10:14","인천","서구","솔빛로(서→동)","인천광역시 서구 경서동 산256 임","인천광역시 서구 경서동 973-8도","15","88","81","좋음"
"2023-04-20","10:17","인천","서구","청라한내로(남→북)","인천광역시 서구 경서동 973-7도","인천광역시 서구 경서동 834-138도","15","88","58","좋음"
"2023-04-20","10:28","인천","서구","차오름로(서→동)","인천광역시 서구 경서동 584 잡","인천광역시 서구 경서동 947-4도","15","88","79","좋음"
"2023-04-20","10:32","인천","서구","청라루비로(북→남)","인천광역시 서구 경서동 836-99도","인천광역시 서구 원창동 450-3도","15","88","40","매우좋음"
"2023-04-20","10:37","인천","서구","크리스탈로(남→북)","인천광역시 서구 경서동 970-6도","인천광역시 서구 경서동 836-99도","15","87","36","매우좋음"
"2023-04-20","10:46","인천","서구","청라한울로(서→동)","인천광역시 서구 경서동 855-5도","인천광역시 서구 경서동 837-8도","15","87","41","매우좋음"
"2023-04-20","10:55","인천","서구","경제로(동→서)","인천광역시 서구 연희동 821도","인천광역시 서구 경서동 584-1 잡","16","87","10","매우좋음"
"2023-04-20","11:12","인천","서구","청라대로(남→북)","인천광역시 서구 원창동 403-43 전","인천광역시 서구 경서동","15","88","43","매우좋음"
"2023-04-20","11:22","인천","서구","에코로(동→서)","인천광역시 서구 경서동 519-44 답","인천광역시 서구 경서동 542-37 답","15","88","29","매우좋음"
"2023-04-20","12:56","인천","계양구","경명대로(서→동)","인천광역시 계양구 계산동 산 52-5 임","인천광역시 계양구 박촌동 299 천","17","86","4","매우좋음"
"2023-04-20","13:11","인천","계양구","서부간선로(북→남)","인천광역시 계양구 박촌동 5-2도","인천광역시 계양구 작전동 941도","17","85","7","매우좋음"
"2023-04-20","13:15","인천","계양구","아나지로(동→서)","인천광역시 계양구 서운동 155-3도","인천광역시 계양구 효성동 617-4대","17","85","12","매우좋음"
"2023-04-20","13:29","인천","계양구","봉오대로(서→동)","인천광역시 계양구 효성동 산67-12 임","인천광역시 계양구 서운동 121-17 천","17","85","14","매우좋음"
"2023-04-20","13:43","인천","계양구","오조산로(남→북)","인천광역시 계양구 작전동 941도","인천광역시 계양구 용종동 230도","17","84","1","매우좋음"
"2023-04-20","13:52","인천","계양구","용종로(북→남)","인천광역시 계양구 병방동 438도","인천광역시 계양구 계산동 1108도","17","85","1","매우좋음"
"2023-04-20","14:01","인천","계양구","계산새로(동→서)","인천광역시 계양구 계산동 1107도","인천광역시 계양구 계산동 1035천","17","84","11","매우좋음"
"2023-04-20","14:13","인천","계양구","계양대로(북→남)","인천광역시 계양구 계산동 1014도","인천광역시 계양구 작전동 405-2도","17","85","2","매우좋음"
"2023-04-20","14:23","인천","계양구","주부토로(남→북)","인천광역시 계양구 작전동 405-2도","인천광역시 계양구 계산동 998도","17","85","5","매우좋음"
"2023-04-20","14:51","인천","계양구","동양로(동→서)","인천광역시 계양구 동양동 90-3 도","인천광역시 계양구 박촌동 18-1도","16","87","6","매우좋음"
"2023-04-20","14:57","인천","계양구","장제로(북→남)","인천광역시 계양구 오류동 산79임","인천광역시 계양구 작전동 742-2 도","16","89","0","매우좋음"
"2023-04-20","15:18","인천","계양구","새벌로(남→북)","인천광역시 계양구 효성동 308-1도","인천광역시 계양구 효성동 1-7도","16","89","0","매우좋음"
"2023-04-20","15:26","인천","계양구","안남로(북→남)","인천광역시 계양구 효성동 산19-1임","인천광역시 계양구 효성동 308-1도","16","90","2","매우좋음"
"2023-04-20","09:30","경기","고양시 일산동구","성현로(동→서)","경기도 고양시일산동구 사리현동 643-28천","경기도 고양시일산동구 성석동 1889도","16","100","20","매우좋음"
"2023-04-20","09:50","경기","고양시 일산동구","식사로(남→북)","경기도 고양시일산동구 식사동 1343-2구","경기도 고양시일산동구 식사동 423 도","17","100","6","매우좋음"
"2023-04-20","09:52","경기","고양시 일산동구","위시티4로(동→서)","경기도 고양시일산동구 식사동 423 도","경기도 고양시일산동구 식사동 716-37 도","17","100","21","매우좋음"
"2023-04-20","10:04","경기","고양시 일산동구","위시티로(북→남)","경기도 고양시일산동구 식사동 290-52 도","경기도 고양시일산동구 식사동 844-4도","17","100","24","매우좋음"
"2023-04-20","10:14","경기","고양시 일산동구","숲속마을로(북→남)","경기도 고양시일산동구 식사동 943-2 도","경기도 고양시일산동구 식사동 943-2 도","17","100","51","좋음"
"2023-04-20","10:27","경기","고양시 일산동구","고일로(북→남)","경기도 고양시일산동구 식사동 1130-1 도","경기도 고양시덕양구 내곡동 116-17 전","17","100","23","매우좋음"
"2023-04-20","10:37","경기","고양시 일산동구","강송로(남→북)","경기도 고양시일산동구 백석동 1540-1 도","경기도 고양시일산동구 마두동 1062도","17","100","32","매우좋음"
"2023-04-20","10:48","경기","고양시 일산동구","강석로(북→남)","경기도 고양시일산동구 마두동 1062도","경기도 고양시일산동구 백석동 1543도","17","100","98","좋음"
"2023-04-20","10:57","경기","고양시 일산동구","장백로(남→북)","경기도 고양시일산동구 백석동 1524도","경기도 고양시일산동구 장항동 1522도","17","100","101","보통"
"2023-04-20","11:21","경기","고양시 일산서구","한류월드로(서→동)","경기도 고양시일산서구 대화동 2607 도","경기도 고양시일산서구 대화동 2607 도","16","100","7","매우좋음"
"2023-04-20","11:27","경기","고양시 일산동구","한류월드로(북→남)","경기도 고양시일산동구 장항동 1117-1전","경기도 고양시일산동구 장항동 502-150 도","16","100","31","매우좋음"
"2023-04-20","11:43","경기","고양시 일산동구","월드고양로(동→서)","경기도 고양시일산동구 장항동 654-9 답","경기도 고양시일산동구 장항동 1319-14구","16","100","315","매우나쁨"
"2023-04-20","11:55","경기","고양시 일산서구","가좌로(서→동)","경기도 고양시일산서구 가좌동 867-7도","경기도 고양시일산서구 가좌동 143-6도","16","100","58","좋음"
"2023-04-20","12:14","경기","고양시 일산서구","덕이로(서→동)","경기도 고양시일산서구 덕이동 1476-2 도","경기도 고양시일산서구 덕이동 219-20구","17","100","42","매우좋음"
"2023-04-20","12:24","경기","고양시 일산서구","탄중로(서→동)","경기도 고양시일산서구 대화동 2350도","경기도 고양시일산서구 탄현동 1621도","17","100","18","매우좋음"
"2023-04-20","12:33","경기","고양시 일산동구","탄중로(북→남)","경기도 고양시일산동구 중산동 1609도","경기도 고양시일산동구 중산동 1628도","17","100","25","매우좋음"
"2023-04-20","12:46","경기","고양시 일산동구","중산로(남→북)","경기도 고양시일산동구 풍동 609-5 도","경기도 고양시일산서구 일산동 1606도","17","100","25","매우좋음"
"2023-04-20","13:35","경기","고양시 일산서구","일현로(남→북)","경기도 고양시일산서구 탄현동 199-45대","경기도 고양시일산서구 덕이동 304-39잡","17","100","10","매우좋음"
"2023-04-20","13:43","경기","고양시 일산서구","탄현로(북→남)","경기도 고양시일산서구 탄현동 111-42 도","경기도 고양시일산서구 탄현동 1550도","16","100","10","매우좋음"
"2023-04-20","13:54","경기","고양시 일산서구","하이파크3로(남→북)","경기도 고양시일산서구 덕이동 1460-12 도","경기도 고양시일산서구 덕이동 338-3전","17","100","2","매우좋음"
"2023-04-20","10:00","경기","수원시 권선구","서수원로(북→남)","경기도 수원시 권선구 당수동 산25-1임","경기도 수원시 권선구 오목천동 756-1 도","17","100","9","매우좋음"
"2023-04-20","10:18","경기","수원시 권선구","호매실로(동→서)","경기도 수원시 권선구 고색동 893-74 도","경기도 수원시 권선구 호매실동 1429도","17","100","6","매우좋음"
"2023-04-20","10:29","경기","수원시 권선구","칠보로(동→서)","경기도 수원시 권선구 호매실동 1323-3도","경기도 수원시 권선구 금곡동 783-1도","17","100","5","매우좋음"
"2023-04-20","10:34","경기","수원시 권선구","금곡로(서→동)","경기도 수원시 권선구 금곡동 1155도","경기도 수원시 권선구 구운동 358-2답","17","100","50","매우좋음"
"2023-04-20","10:43","경기","수원시 권선구","매실로(동→서)","경기도 수원시 권선구 호매실동 36-11 답","경기도 수원시 권선구 호매실동 471-3임","17","100","12","매우좋음"
"2023-04-20","10:52","경기","수원시 권선구","매곡로(서→동)","경기도 수원시 권선구 호매실동 1429-1도","경기도 수원시 권선구 금곡동 233-4도","18","100","31","매우좋음"
"2023-04-20","10:56","경기","수원시 권선구","금호로(서→동)","경기도 수원시 권선구 호매실동 470-11임","경기도 수원시 권선구 서둔동 247-14도","18","100","16","매우좋음"
"2023-04-20","11:08","경기","수원시 권선구","서부로(북→남)","경기도 수원시 장안구 이목동 650도","경기도 수원시 권선구 오목천동 722-1 도","18","100","10","매우좋음"
"2023-04-20","11:33","경기","수원시 권선구","오목천로(서→동)","경기도 수원시 권선구 오목천동 428-10 목","경기도 수원시 권선구 고색동 127-2 답","18","100","33","매우좋음"
"2023-04-20","11:45","경기","수원시 권선구","매송고색로(동→서)","경기도 수원시 권선구 세류동 201도","경기도 수원시 권선구 오목천동 산29-4도","19","100","17","매우좋음"
"2023-04-20","12:01","경기","수원시 권선구","권선로(서→동)","경기도 수원시 권선구 호매실동 1436도","경기도 수원시 영통구 매탄동 1190도","20","98","15","매우좋음"
"2023-04-20","12:21","경기","수원시 영통구","권선로(북→남)","경기도 수원시 영통구 매탄동 1190도","경기도 수원시 영통구 망포동 38-3 도","20","98","10","매우좋음"
"2023-04-20","12:37","경기","수원시 영통구","영통로(남→북)","경기도 수원시 영통구 망포동 678 구","경기도 용인시기흥구 영덕동 861도","19","99","15","매우좋음"
"2023-04-20","13:33","경기","수원시 영통구","월드컵로(동→서)","경기도 수원시 영통구 원천동 626도","경기도 수원시 영통구 원천동 산11-10도","20","94","9","매우좋음"
"2023-04-20","13:43","경기","수원시 팔달구","월드컵로(남→북)","경기도 수원시 팔달구 우만동 산77-8도","경기도 수원시 팔달구 우만동 581도","20","94","6","매우좋음"
"2023-04-20","10:00","서울","구로구","부일로(동→서)","서울특별시 구로구 궁동 197-63 도","서울특별시 구로구 온수동 56도","17","100","25","매우좋음"
"2023-04-20","10:17","서울","구로구","서해안로(서→동)","서울특별시 구로구 항동 산50-10 도","서울특별시 구로구 개봉동 237-12 철","17","100","7","매우좋음"
"2023-04-20","10:47","서울","구로구","중앙로(남→북)","서울특별시 구로구 고척동 69-9도","서울특별시 양천구 신정동 620-2도","18","100","47","매우좋음"
"2023-04-20","10:53","서울","구로구","고척로(동→서)","서울특별시 구로구 고척동 186-4 도","서울특별시 구로구 오류동 6-2도","18","100","66","좋음"
"2023-04-20","11:19","서울","구로구","오리로(북→남)","서울특별시 구로구 궁동 5 도","서울특별시 구로구 천왕동 3-5천","18","100","27","매우좋음"
"2023-04-20","11:32","서울","구로구","금오로(남→북)","서울특별시 구로구 천왕동 278-3 도","서울특별시 구로구 천왕동 12-2도","18","100","59","좋음"
"2023-04-20","11:38","서울","구로구","천왕로(북→남)","서울특별시 구로구 오류동 352-10 도","서울특별시 구로구 천왕동 278-3 도","18","100","19","매우좋음"
"2023-04-20","11:51","서울","구로구","개봉로(남→북)","서울특별시 구로구 개봉동 403-97도","서울특별시 구로구 개봉동 139-4 도","18","100","170","나쁨"
"2023-04-20","12:04","서울","구로구","공원로(북→남)","서울특별시 구로구 신도림동 413-2도","서울특별시 구로구 구로동 50 도","19","100","29","매우좋음"
"2023-04-20","12:12","서울","구로구","구로중앙로(남→북)","서울특별시 구로구 구로동 147-5 도","서울특별시 양천구 신정동 330-8제","18","100","26","매우좋음"
"2023-04-20","12:21","서울","구로구","신도림로(서→동)","서울특별시 구로구 신도림동 290-10 도","서울특별시 구로구 신도림동 312-16도","18","100","14","매우좋음"
"2023-04-20","12:34","서울","구로구","새말로(동→서)","서울특별시 구로구 구로동 1-25 천","서울특별시 구로구 구로동 496-128도","19","100","48","매우좋음"
"2023-04-20","12:41","서울","구로구","구로동로(북→남)","서울특별시 구로구 구로동 496-128도","서울특별시 구로구 가리봉동 121-50도","19","100","14","매우좋음"
"2023-04-20","12:54","서울","구로구","디지털로(남→북)","서울특별시 구로구 가리봉동 127-30 도","서울특별시 구로구 구로동 179-94 천","19","100","29","매우좋음"
"2023-04-20","13:06","서울","구로구","도림로(동→서)","서울특별시 영등포구 대림동 1054-1 천","서울특별시 구로구 가리봉동 25-45 도","18","100","15","매우좋음"
"2023-04-20","13:18","서울","구로구","가마산로(동→서)","서울특별시 구로구 구로동 68-1 천","서울특별시 구로구 구로동 699-9 도","19","100","44","매우좋음"
"2023-04-20","13:25","서울","구로구","벚꽃로(남→북)","서울특별시 구로구 가리봉동 2-2도","서울특별시 구로구 구로동 496-128도","18","100","65","좋음"
"2023-04-20","13:34","서울","구로구","경인로(동→서)","서울특별시 구로구 신도림동 330-7도","서울특별시 구로구 온수동 44-23 도","19","100","17","매우좋음"
"2023-04-20","12:42","경기","구리시","아차산로(남→북)","경기도 구리시 아천동 산42-6도","경기도 구리시 교문동 257-4도","19","78","9","매우좋음"
"2023-04-20","13:14","경기","구리시","검배로(서→동)","경기도 구리시 수택동 360도","경기도 구리시 수택동 2-10도","19","76","21","매우좋음"
"2023-04-20","13:27","경기","구리시","벌말로(남→북)","경기도 구리시 토평동 480-8 도","경기도 구리시 수택동 353 도","19","76","59","좋음"
"2023-04-20","13:34","경기","구리시","경춘로(동→서)","경기도 구리시 수택동 366-3천","경기도 구리시 교문동 산32-1도","19","76","10","매우좋음"
"2023-04-20","14:23","경기","구리시","경춘북로(남→북)","경기도 구리시 갈매동 437-20 도","경기도 구리시 갈매동 6-49 천","19","78","8","매우좋음"
"2023-04-20","14:36","경기","구리시","동구릉로(북→남)","경기도 남양주시 퇴계원면 퇴계원리 321-1 도","경기도 구리시 교문동 257-4도","19","77","19","매우좋음"
"2023-04-20","15:00","경기","구리시","장자대로(서→동)","경기도 구리시 교문동 469-4도","경기도 구리시 토평동 275-8도","19","77","34","매우좋음"
"2023-04-20","15:08","경기","구리시","이문안로(동→서)","경기도 구리시 토평동 260-1도","경기도 구리시 교문동 105-3도","19","77","16","매우좋음"
"2023-04-20","15:16","경기","구리시","안골로(서→동)","경기도 구리시 교문동 360-10도","경기도 구리시 수택동 490-1도","18","79","17","매우좋음"
"2023-04-20","15:22","경기","구리시","건원대로(남→북)","경기도 구리시 인창동 263-2도","경기도 구리시 인창동 679-8 도","18","78","21","매우좋음"
"2023-04-20","11:02","경기","의왕시","포일세거리로(북→남)","경기도 의왕시 포일동 679 도","경기도 의왕시 포일동 485-5도","17","84","36","매우좋음"
"2023-04-20","11:10","경기","의왕시","안양판교로(서→동)","경기도 의왕시 포일동 산61-4임","경기도 의왕시 청계동 134-8도","18","81","35","매우좋음"
"2023-04-20","13:07","경기","의왕시","덕장로(동→서)","경기도 의왕시 청계동 999도","경기도 의왕시 포일동 108-2도","18","81","70","좋음"
"2023-04-20","13:14","경기","의왕시","포일로(동→서)","경기도 의왕시 포일동 산63-18임","경기도 의왕시 내손동 713-1도","19","79","24","매우좋음"
"2023-04-20","13:23","경기","의왕시","내손로(서→동)","경기도 의왕시 내손동 713-5도","경기도 의왕시 내손동 713-5도","18","80","141","보통"
"2023-04-20","13:31","경기","의왕시","복지로(북→남)","경기도 의왕시 내손동 665-7대","경기도 의왕시 내손동 745도","19","80","128","보통"
"2023-04-20","13:43","경기","의왕시","모락로(북→남)","경기도 의왕시 오전동 833-1도","경기도 의왕시 오전동 107-5도","19","80","2","매우좋음"
"2023-04-20","13:50","경기","의왕시","경수대로(북→남)","경기도 의왕시 오전동 산81-4도","경기도 의왕시 왕곡동","19","79","24","매우좋음"
"2023-04-20","13:58","경기","의왕시","오전로(남→북)","경기도 의왕시 왕곡동 613천","경기도 의왕시 오전동 101-10도","18","81","22","매우좋음"
"2023-04-20","14:47","경기","의왕시","시청로(북→남)","경기도 의왕시 고천동 373-8도","경기도 의왕시 고천동 103-9 도","18","81","32","매우좋음"
"2023-04-20","14:54","경기","의왕시","덕영대로(북→남)","경기도 의왕시 이동 294-4도","경기도 의왕시 월암동 762-2 도","19","78","7","매우좋음"
"2023-04-20","15:01","경기","의왕시","부곡중앙로(서→동)","경기도 의왕시 삼동 471-94대","경기도 의왕시 삼동 248-1도","19","79","13","매우좋음"
"2023-04-21","10:15","경기","고양시 덕양구","중앙로(서→동)","경기도 고양시덕양구 내곡동 170-2 도","경기도 고양시덕양구 덕은동 561구","18","53","32","매우좋음"
"2023-04-21","10:41","경기","고양시 덕양구","화랑로(남→북)","경기도 고양시덕양구 화전동 229-33답","경기도 고양시덕양구 동산동 159-3 도","18","56","35","매우좋음"
"2023-04-21","10:57","경기","고양시 덕양구","동세로(남→북)","경기도 고양시덕양구 동산동 159-29 도","경기도 고양시덕양구 원흥동 693 도","19","55","74","좋음"
"2023-04-21","11:04","경기","고양시 덕양구","삼송로(서→동)","경기도 고양시덕양구 원흥동 151-4답","경기도 고양시덕양구 지축동 515-5전","19","53","43","매우좋음"
"2023-04-21","11:14","경기","고양시 덕양구","덕수천1로(동→서)","경기도 고양시덕양구 삼송동 391 도","경기도 고양시덕양구 삼송동 377도","19","54","41","매우좋음"
"2023-04-21","11:21","경기","고양시 덕양구","도래울로(북→남)","경기도 고양시덕양구 도내동 949 도","경기도 고양시덕양구 도내동 1009 도","20","53","27","매우좋음"
"2023-04-21","11:26","경기","고양시 덕양구","권율대로(남→북)","경기도 고양시덕양구 강매동 604-29답","경기도 고양시덕양구 신원동 671 도","20","51","13","매우좋음"
"2023-04-21","11:40","경기","고양시 덕양구","신원2로(동→서)","경기도 고양시덕양구 신원동 671 도","경기도 고양시덕양구 신원동 673-8도","20","51","24","매우좋음"
"2023-04-21","11:47","경기","고양시 덕양구","신원1로(서→동)","경기도 고양시덕양구 신원동 676 도","경기도 고양시덕양구 신원동 671 도","20","50","71","좋음"
"2023-04-21","12:06","경기","고양시 덕양구","북한산로(남→북)","경기도 고양시덕양구 효자동 224 천","경기도 고양시덕양구 지축동 9-3도","20","47","7","매우좋음"
"2023-04-21","13:12","경기","고양시 덕양구","푸른마을로(북→남)","경기도 고양시덕양구 고양동 778전","경기도 고양시덕양구 고양동 444-11천","22","34","10","매우좋음"
"2023-04-21","13:25","경기","고양시 덕양구","호국로(북→남)","경기도 고양시덕양구 벽제동 4-27 도","경기도 고양시덕양구 행주외동","23","31","5","매우좋음"
"2023-04-21","14:01","경기","고양시 덕양구","호수로(동→서)","경기도 고양시덕양구 토당동 282-8도","경기도 고양시덕양구 내곡동 428-5 도","23","29","3","매우좋음"
"2023-04-21","14:23","경기","고양시 일산서구","하이파크로(동→서)","경기도 고양시일산서구 덕이동 319-2도","경기도 고양시일산서구 덕이동 549-7 도","22","24","38","매우좋음"
"2023-04-21","10:46","경기","수원시 장안구","수성로(동→서)","경기도 수원시 장안구 조원동 533-11도","경기도 수원시 장안구 정자동 109-38도","19","61","5","매우좋음"
"2023-04-21","10:54","경기","수원시 팔달구","수성로(동→서)","경기도 수원시 팔달구 화서동 360-1도","경기도 수원시 팔달구 화서동 360-1도","19","61","76","좋음"
"2023-04-21","10:59","경기","수원시 권선구","수성로(동→서)","경기도 수원시 권선구 서둔동 279-1도","경기도 수원시 권선구 구운동 547도","19","60","4","매우좋음"
"2023-04-21","11:02","경기","수원시 권선구","수인로(서→동)","경기도 수원시 권선구 당수동 143-1도","경기도 수원시 권선구 서둔동 9-23도","19","61","7","매우좋음"
"2023-04-21","11:13","경기","수원시 팔달구","효원로(서→동)","경기도 수원시 팔달구 매산로3가 5-6도","경기도 수원시 영통구 매탄동 1329도","20","65","5","매우좋음"
"2023-04-21","11:31","경기","수원시 영통구","인계로(동→서)","경기도 수원시 영통구 매탄동 916 도","경기도 수원시 영통구 매탄동 950-1도","20","64","5","매우좋음"
"2023-04-21","11:40","경기","수원시 팔달구","인계로(동→서)","경기도 수원시 영통구 매탄동 950-1도","경기도 수원시 팔달구 매교동 220도","20","65","21","매우좋음"
"2023-04-21","11:47","경기","수원시 권선구","정조로(북→남)","경기도 수원시 권선구 세류동 1033-3도","경기도 수원시 권선구 대황교동 104-3도","21","62","6","매우좋음"
"2023-04-21","12:03","경기","수원시 권선구","동수원로(남→북)","경기도 수원시 권선구 대황교동 4-2대","경기도 수원시 영통구 매탄동 1190도","20","63","6","매우좋음"
"2023-04-21","12:10","경기","수원시 팔달구","동수원로(남→북)","경기도 수원시 영통구 매탄동 1190도","경기도 수원시 영통구 매탄동 926-21 도","21","60","3","매우좋음"
"2023-04-21","12:12","경기","수원시 영통구","동수원로(남→북)","경기도 수원시 영통구 매탄동 910도","경기도 수원시 영통구 원천동 620-14도","21","59","3","매우좋음"
"2023-04-21","12:17","경기","수원시 영통구","광교중앙로(남→북)","경기도 수원시 영통구 원천동 620-14도","경기도 용인시수지구 상현동 1066도","20","61","5","매우좋음"
"2023-04-21","13:12","경기","수원시 영통구","법조로(동→서)","경기도 용인시수지구 상현동 916도","경기도 수원시 영통구 하동 1046-2도","22","55","19","매우좋음"
"2023-04-21","13:17","경기","수원시 영통구","센트럴타운로(동→서)","경기도 수원시 영통구 이의동 1381-23도","경기도 수원시 영통구 이의동 342-1전","22","55","21","매우좋음"
"2023-04-21","13:23","경기","수원시 영통구","센트럴파크로(북→남)","경기도 수원시 영통구 이의동 1379-5도","경기도 수원시 영통구 하동 1044-2도","22","55","4","매우좋음"
"2023-04-21","13:38","경기","수원시 영통구","광교호수로(북→남)","경기도 수원시 영통구 하동 72-1도","경기도 수원시 영통구 원천동 626도","22","53","3","매우좋음"
"2023-04-21","13:52","경기","수원시 영통구","에듀타운로(동→서)","경기도 수원시 영통구 이의동 1381-22도","경기도 수원시 영통구 이의동 1381도","22","52","5","매우좋음"
"2023-04-21","14:00","경기","수원시 영통구","대학로(남→북)","경기도 수원시 영통구 이의동 912-12도","경기도 수원시 영통구 이의동 1373-4도","22","51","5","매우좋음"
"2023-04-21","14:09","경기","수원시 영통구","웰빙타운로(서→동)","경기도 수원시 영통구 이의동 1373-1도","경기도 수원시 영통구 이의동 1373-12도","21","53","5","매우좋음"
"2023-04-21","10:17","경기","광명시","범안로(서→동)","경기도 광명시 노온사동 546-1 제","경기도 광명시 하안동 712도","17","45","15","매우좋음"
"2023-04-21","10:25","경기","광명시","안양천로(남→북)","경기도 광명시 하안동 716도","경기도 광명시 소하동 55-1도","17","46","7","매우좋음"
"2023-04-21","10:32","경기","광명시","시청로(북→남)","경기도 광명시 철산동 460도","경기도 광명시 철산동 467-1도","17","44","80","좋음"
"2023-04-21","10:43","경기","광명시","철망산로(서→동)","경기도 광명시 하안동 864-9도","경기도 광명시 하안동 710도","18","45","26","매우좋음"
"2023-04-21","10:53","경기","광명시","하안로(북→남)","경기도 광명시 철산동 634-4도","경기도 광명시 소하동 610-18도","19","49","14","매우좋음"
"2023-04-21","11:11","경기","광명시","기아로(동→서)","서울특별시 금천구 시흥동 669-2천","경기도 광명시 소하동 1271-1도","19","50","20","매우좋음"
"2023-04-21","11:22","경기","광명시","성채로(서→동)","경기도 광명시 소하동 산 181-15천","경기도 광명시 소하동 1401도","18","52","44","매우좋음"
"2023-04-21","11:27","경기","광명시","덕안로(북→남)","경기도 광명시 소하동 739-1도","경기도 광명시 일직동 312-6도","19","52","21","매우좋음"
"2023-04-21","11:38","경기","광명시","일직로(동→서)","경기도 광명시 일직동 50도","경기도 광명시 일직동 489-2도","19","52","16","매우좋음"
"2023-04-21","11:46","경기","광명시","오리로(남→북)","경기도 광명시 일직동 372-15임","경기도 광명시 광명동 776-10천","20","48","23","매우좋음"
"2023-04-21","12:22","경기","광명시","금오로(북→남)","경기도 광명시 옥길동 45-2도","경기도 광명시 옥길동 340-1도","21","43","191","나쁨"
"2023-04-21","12:49","경기","광명시","광남로(남→북)","경기도 광명시 노온사동 57-3도","경기도 광명시 옥길동 5도","21","39","20","매우좋음"
"2023-04-21","13:08","경기","광명시","광명로(북→남)","경기도 광명시 광명동 158-963천","경기도 광명시 가학동 896-3도","22","33","25","매우좋음"
"2023-04-21","13:42","경기","광명시","금하로(서→동)","경기도 광명시 노온사동 102 천","경기도 광명시 소하동 1-1천","22","31","24","매우좋음"
"2023-04-21","13:59","경기","광명시","소하로(서→동)","경기도 광명시 소하동 1356도","서울특별시 금천구 시흥동 571-4전","23","30","66","좋음"
"2023-04-21","10:43","서울","송파구","백제고분로(동→서)","서울특별시 송파구 방이동 94-3도","서울특별시 송파구 잠실동 12도","18","49","24","매우좋음"
"2023-04-21","11:03","서울","송파구","석촌호수로(서→동)","서울특별시 송파구 잠실동 18-1도","서울특별시 송파구 송파동 62도","18","48","9","매우좋음"
"2023-04-21","11:21","서울","송파구","잠실로(동→서)","서울특별시 송파구 신천동 34도","서울특별시 송파구 잠실동 26-1도","19","45","19","매우좋음"
"2023-04-21","11:36","서울","송파구","삼전로(북→남)","서울특별시 송파구 잠실동 38도","서울특별시 송파구 삼전동 186-4천","20","43","13","매우좋음"
"2023-04-21","11:45","서울","송파구","삼학사로(남→북)","서울특별시 송파구 삼전동 156도","서울특별시 송파구 잠실동 43도","20","43","11","매우좋음"
"2023-04-21","12:15","서울","광진구","아차산로(동→서)","서울특별시 광진구 광장동 2-6임","서울특별시 광진구 자양동 23-11구","21","39","12","매우좋음"
"2023-04-21","12:34","서울","광진구","능동로(남→북)","서울특별시 광진구 자양동 71-2제","서울특별시 광진구 중곡동 298-1 도","21","39","12","매우좋음"
"2023-04-21","12:46","서울","광진구","용마산로(북→남)","서울특별시 광진구 중곡동 606-1 도","서울특별시 광진구 중곡동 272-14 도","21","38","11","매우좋음"
"2023-04-21","12:58","서울","광진구","긴고랑로(서→동)","서울특별시 광진구 중곡동 263-1 도","서울특별시 광진구 중곡동 143-146 공","21","38","43","매우좋음"
"2023-04-21","13:24","서울","광진구","동일로(북→남)","서울특별시 광진구 중곡동 587-1도","서울특별시 광진구 중곡동 263-1 도","23","37","13","매우좋음"
"2023-04-21","13:39","서울","광진구","뚝섬로(서→동)","서울특별시 광진구 자양동 203-22 도","서울특별시 광진구 구의동 607 도","22","37","19","매우좋음"
"2023-04-21","13:59","서울","광진구","구의강변로(북→남)","서울특별시 광진구 구의동 200-10 도","서울특별시 광진구 구의동 625-4도","23","34","27","매우좋음"
"2023-04-21","14:12","서울","광진구","자양로(남→북)","서울특별시 광진구 자양동 753-2도","서울특별시 광진구 구의동 84-2도","23","34","56","좋음"
"2023-04-21","14:32","서울","광진구","천호대로(서→동)","서울특별시 광진구 중곡동 680-16제","서울특별시 광진구 광장동 557-1천","23","31","14","매우좋음"
"2023-04-21","15:15","서울","광진구","광나루로(동→서)","서울특별시 광진구 구의동 562천","서울특별시 광진구 군자동 355-9 도","24","25","15","매우좋음"
"2023-04-24","09:10","경기","부천시","벌말로(북→남)","경기도 부천시 대장동 542-2 도","경기도 부천시 삼정동 9-14 도","18","38","5","매우좋음"
"2023-04-24","09:17","경기","부천시","봉오대로(서→동)","인천광역시 계양구 서운동 121-21 천","경기도 부천시 고강동 1-1 도","18","37","11","매우좋음"
"2023-04-24","09:27","경기","부천시","역곡로(북→남)","경기도 부천시 고강동 11-49 도","경기도 부천시 역곡동 252-5 도","18","37","11","매우좋음"
"2023-04-24","09:43","경기","부천시","안곡로(북→남)","경기도 부천시 역곡동 194-1도","경기도 부천시 괴안동 209-3 도","18","35","20","매우좋음"
"2023-04-24","09:51","경기","부천시","소사동로(서→동)","경기도 부천시 소사본동 317-89 도","경기도 부천시 괴안동 209-12 도","18","35","41","매우좋음"
"2023-04-24","09:57","경기","부천시","소사로(남→북)","경기도 부천시 소사본동 332-9 도","경기도 부천시 고강동 69-3 도","19","34","11","매우좋음"
"2023-04-24","10:32","경기","부천시","여월로(서→동)","경기도 부천시 여월동 93-1 도","경기도 부천시 작동 144-7 도","18","35","23","매우좋음"
"2023-04-24","10:41","경기","부천시","길주로(동→서)","경기도 부천시 춘의동 367도","경기도 부천시 상동 623 도","19","34","18","매우좋음"
"2023-04-24","11:08","경기","부천시","신흥로(북→남)","경기도 부천시 오정동 345-2구","경기도 부천시 심곡본동 558 도","19","34","6","매우좋음"
"2023-04-24","11:26","경기","부천시","중동로(남→북)","경기도 부천시 송내동 475 도","경기도 부천시 삼정동 328 도","19","34","21","매우좋음"
"2023-04-24","12:06","경기","부천시","석천로(북→남)","경기도 부천시 오정동 533 도","경기도 부천시 상동 497 도","20","34","22","매우좋음"
"2023-04-24","12:26","경기","부천시","송내대로(남→북)","경기도 부천시 송내동 280-11 도","경기도 부천시 삼정동 9-14 도","20","34","5","매우좋음"
"2023-04-24","12:42","경기","부천시","오정로(동→서)","경기도 부천시 원종동 463 천","경기도 부천시 고강동 102-3 답","20","34","42","매우좋음"
"2023-04-24","12:55","경기","부천시","삼작로(서→동)","경기도 부천시 삼정동 366 도","경기도 부천시 작동 329-35 도","21","33","10","매우좋음"
"2023-04-24","13:02","경기","부천시","부천로(북→남)","경기도 부천시 내동 413-3 도","경기도 부천시 심곡동 498 도","20","33","10","매우좋음"
"2023-04-24","13:55","인천","서구","길주로(서→동)","인천광역시 서구 석남동 223-114 도","인천광역시 서구 석남동 산9-1임","21","32","30","매우좋음"
"2023-04-24","14:04","인천","서구","서달로(남→북)","인천광역시 서구 석남동 638-1도","인천광역시 서구 가정동 341-19도","20","33","27","매우좋음"
"2023-04-24","14:25","인천","서구","원적로(북→남)","인천광역시 서구 가좌동 산17-2임","인천광역시 서구 가좌동 257-2도","21","32","11","매우좋음"
"2023-04-24","14:32","인천","서구","열우물로(서→동)","인천광역시 서구 가좌동 288도","인천광역시 서구 가좌동 515도","21","31","15","매우좋음"
"2023-04-24","14:41","인천","서구","방축로(동→서)","인천광역시 서구 가좌동 606-37구","인천광역시 서구 가좌동 606-18도","21","29","10","매우좋음"
"2023-04-24","14:50","인천","서구","백범로(동→서)","인천광역시 서구 가좌동 470도","인천광역시 서구 가좌동 597도","21","29","10","매우좋음"
"2023-04-24","15:02","인천","서구","원석로(남→북)","인천광역시 서구 가좌동 597도","인천광역시 서구 원창동 211-4제","21","31","7","매우좋음"
"2023-04-24","15:09","인천","서구","중봉대로393번길(서→동)","인천광역시 서구 원창동 211-3 잡","인천광역시 서구 원창동 384도","21","29","9","매우좋음"
"2023-04-24","14:10","경기","김포시","마송1로(서→동)","경기도 김포시 통진읍 마송리 592 도","경기도 김포시 통진읍 마송리 592 도","21","34","74","좋음"
"2023-04-24","14:33","경기","김포시","마송로(서→동)","경기도 김포시 통진읍 마송리 159-37 임","경기도 김포시 통진읍 마송리 592-9도","21","34","26","매우좋음"
"2023-04-24","09:47","경기","고양시 덕양구","통일로(북→남)","경기도 고양시덕양구 내유동 783-1도","경기도 고양시덕양구 동산동 2-1도","18","44","14","매우좋음"
"2023-04-24","10:21","경기","고양시 덕양구","고양대로(동→서)","경기도 고양시덕양구 동산동 2-1도","경기도 고양시덕양구 주교동 산170도","19","42","20","매우좋음"
"2023-04-24","10:52","경기","고양시 덕양구","충장로(북→남)","경기도 고양시덕양구 성사동 602-11임","경기도 고양시덕양구 행신동 844도","19","43","44","매우좋음"
"2023-04-24","11:12","경기","고양시 덕양구","화신로(남→북)","경기도 고양시덕양구 행신동 856도","경기도 고양시덕양구 화정동 1016-2도","20","41","36","매우좋음"
"2023-04-24","11:29","경기","고양시 덕양구","화정로(서→동)","경기도 고양시덕양구 화정동 1012-1도","경기도 고양시덕양구 화정동 428-9 도","20","41","30","매우좋음"
"2023-04-24","11:36","경기","고양시 덕양구","행신로(동→서)","경기도 고양시덕양구 행신동 1032도","경기도 고양시덕양구 행주내동 666-1답","20","39","33","매우좋음"
"2023-04-24","11:49","경기","고양시 덕양구","소원로(서→동)","경기도 고양시덕양구 행신동 820도","경기도 고양시덕양구 행신동 1127도","20","39","39","매우좋음"
"2023-04-24","12:38","경기","고양시 덕양구","충경로(동→서)","경기도 고양시덕양구 행신동 1121도","경기도 고양시덕양구 행신동 816도","20","40","41","매우좋음"
"2023-04-24","12:50","경기","고양시 덕양구","지도로(남→북)","경기도 고양시덕양구 토당동 890-8도","경기도 고양시덕양구 화정동 1012-2도","21","37","35","매우좋음"
"2023-04-24","12:57","경기","고양시 덕양구","화중로(남→북)","경기도 고양시덕양구 화정동 1152도","경기도 고양시덕양구 화정동 1036도","21","39","15","매우좋음"
"2023-04-24","13:10","경기","고양시 덕양구","백양로(북→남)","경기도 고양시덕양구 화정동 1068도","경기도 고양시덕양구 화정동 1152도","20","39","37","매우좋음"
"2023-04-24","10:08","경기","양주시","평화로(북→남)","경기도 동두천시 송내동 466-1 천","경기도 양주시 남방동 198-6도","18","40","11","매우좋음"
"2023-04-24","10:34","경기","양주시","동일로(남→북)","경기도 양주시 마전동 456-8 도","경기도 양주시 마전동 118-23도","19","41","2","매우좋음"
"2023-04-24","10:38","경기","양주시","부흥로(서→동)","경기도 양주시 광적면 비암리 산119-3도","경기도 양주시 삼숭동 산30-11임","18","41","5","매우좋음"
"2023-04-24","10:56","경기","양주시","율정로(남→북)","경기도 양주시 삼숭동 134-12답","경기도 양주시 율정동 312-18 도","19","40","64","좋음"
"2023-04-24","11:09","경기","양주시","화합로(동→서)","경기도 양주시 회암동 산10-3도","경기도 양주시 광적면 효촌리 산52-1임","19","39","3","매우좋음"
"2023-04-24","11:29","경기","양주시","회정로(서→동)","경기도 양주시 회정동 203-1천","경기도 양주시 고암동 119도","19","39","7","매우좋음"
"2023-04-24","11:38","경기","양주시","고암길(북→남)","경기도 양주시 고암동 579 도","경기도 양주시 고암동 119-2도","19","40","4","매우좋음"
"2023-04-24","11:51","경기","양주시","독바위로(북→남)","경기도 양주시 덕정동 211도","경기도 양주시 옥정동 941-8도","19","41","18","매우좋음"
"2023-04-24","12:05","경기","양주시","옥정동로(남→북)","경기도 양주시 옥정동 1094도","경기도 양주시 옥정동 864-1643도","19","43","8","매우좋음"
"2023-04-24","12:18","경기","양주시","옥정서로(북→남)","경기도 양주시 옥정동 867-119창","경기도 양주시 옥정동 1049-8도","18","43","6","매우좋음"
"2023-04-24","12:27","경기","양주시","회천남로(서→동)","경기도 양주시 옥정동 820-7 답","경기도 양주시 옥정동 1084-4도","19","42","12","매우좋음"
"2023-04-24","13:26","경기","양주시","회천로(동→서)","경기도 양주시 율정동 410-1 도","경기도 양주시 고암동 549-2답","20","36","13","매우좋음"
"2023-04-24","13:49","경기","양주시","고덕로(서→동)","경기도 양주시 덕계동 384-3도","경기도 양주시 고읍동 462-5도","21","34","7","매우좋음"
"2023-04-24","14:01","경기","양주시","고읍로(북→남)","경기도 양주시 고읍동 118-2도","경기도 양주시 만송동 343-1 도","20","35","5","매우좋음"
"2023-04-24","14:10","경기","양주시","고읍북로(동→서)","경기도 양주시 만송동 717도","경기도 양주시 만송동 714도","20","36","9","매우좋음"
"2023-04-24","14:16","경기","양주시","고읍남로(서→동)","경기도 양주시 광사동 723도","경기도 양주시 광사동 723도","20","35","24","매우좋음"
"2023-04-24","14:29","경기","양주시","송랑로(북→남)","경기도 양주시 삼숭동 672-10 도","경기도 양주시 만송동 500-3 도","21","35","10","매우좋음"
"2023-04-24","14:37","경기","양주시","원학로(동→서)","경기도 양주시 광사동 산130-9도","경기도 양주시 마전동 412-1 도","20","34","6","매우좋음"
"2023-04-24","14:54","경기","양주시","호국로(동→서)","경기도 양주시 장흥면 울대리 산45-2 도","경기도 양주시 장흥면 일영리 산78-6 도","21","34","12","매우좋음"
"2023-04-24","15:00","경기","양주시","북한산로(북→남)","경기도 양주시 장흥면 교현리 130-10도","경기도 양주시 장흥면 교현리 403-1도","20","36","2","매우좋음"
"2023-04-24","15:22","경기","양주시","일영로(북→남)","경기도 양주시 장흥면 일영리 313-5도","경기도 양주시 장흥면 삼하리 산90-34임","21","35","19","매우좋음"
"2023-04-24","10:26","서울","중구","퇴계로(서→동)","서울특별시 중구 봉래동2가 130도","서울특별시 중구 황학동 2542도","19","34","14","매우좋음"
"2023-04-24","10:55","서울","중구","난계로(남→북)","서울특별시 중구 신당동 85-730대","서울특별시 중구 황학동 2472-1천","19","33","62","좋음"
"2023-04-24","11:10","서울","중구","다산로(북→남)","서울특별시 중구 흥인동 163-1도","서울특별시 중구 신당동 산 24-110도","19","33","38","매우좋음"
"2023-04-24","11:19","서울","중구","동호로(남→북)","서울특별시 중구 신당동 309-61 공","서울특별시 중구 방산동 5-1도","19","33","49","매우좋음"
"2023-04-24","11:28","서울","중구","장충단로(북→남)","서울특별시 중구 을지로6가 18-214도","서울특별시 중구 장충동2가 산 5-7도","20","33","14","매우좋음"
"2023-04-24","11:49","서울","중구","삼일대로(남→북)","서울특별시 중구 장충동2가 산 14-21임","서울특별시 중구 장교동 46-4 도","21","33","7","매우좋음"
"2023-04-24","12:00","서울","중구","을지로(동→서)","서울특별시 중구 신당동 226-4도","서울특별시 중구 소공동 100도","20","34","22","매우좋음"
"2023-04-24","12:10","서울","중구","서소문로(동→서)","서울특별시 중구 태평로2가 113-1도","서울특별시 중구 의주로1가 180-1도","20","34","21","매우좋음"
"2023-04-24","12:15","서울","중구","통일로(북→남)","서울특별시 중구 충정로1가 88-8도","서울특별시 중구 봉래동2가 130도","19","35","31","매우좋음"
"2023-04-24","12:21","서울","중구","세종대로(남→북)","서울특별시 중구 남대문로5가 67-2대","서울특별시 중구 태평로1가 63-17도","20","34","11","매우좋음"
"2023-04-24","12:28","서울","중구","남대문로(북→남)","서울특별시 중구 남대문로1가 9도","서울특별시 중구 남대문로4가 24도","20","34","12","매우좋음"
"2023-04-24","12:44","서울","서대문구","성산로(동→서)","서울특별시 서대문구 현저동 935도","서울특별시 서대문구 연희동 542-77 천","21","32","47","매우좋음"
"2023-04-24","13:19","서울","서대문구","수색로(서→동)","서울특별시 서대문구 북가좌동 415 도","서울특별시 서대문구 연희동 542-77 천","21","31","24","매우좋음"
"2023-04-24","13:24","서울","서대문구","모래내로(서→동)","서울특별시 서대문구 남가좌동 110-4천","서울특별시 서대문구 홍제동 161-1 도","20","33","34","매우좋음"
"2023-04-24","13:47","서울","서대문구","세검정로(동→서)","서울특별시 서대문구 홍제동 4-4 임","서울특별시 서대문구 홍은동 53-27대","20","32","10","매우좋음"
"2023-04-24","13:58","서울","서대문구","연희로(북→남)","서울특별시 서대문구 홍은동 226-4도","서울특별시 서대문구 창천동 516도","21","32","34","매우좋음"
"2023-04-24","14:14","서울","서대문구","응암로(남→북)","서울특별시 서대문구 북가좌동 398 도","서울특별시 서대문구 북가좌동 359-1도","21","31","26","매우좋음"
"2023-04-24","14:22","서울","서대문구","가좌로(서→동)","서울특별시 서대문구 홍은동 340도","서울특별시 서대문구 연희동 143-13도","21","31","31","매우좋음"
"2023-04-24","14:38","서울","서대문구","통일로(북→남)","서울특별시 서대문구 홍은동 164-46도","서울특별시 서대문구 홍제동 47-32구","21","30","20","매우좋음"
"2023-04-24","09:48","인천","연수구","경원대로(북→남)","인천광역시 연수구 선학동 328-18 도","인천광역시 연수구 동춘동 916-3 도","19","35","9","매우좋음"
"2023-04-24","10:05","인천","연수구","송도국제대로(북→남)","인천광역시 연수구 동춘동 916-3 도","인천광역시 연수구 송도동 39 도","19","36","23","매우좋음"
"2023-04-24","10:16","인천","연수구","지식기반로(서→동)","인천광역시 연수구 송도동 39 도","인천광역시 연수구 송도동 295 도","18","37","16","매우좋음"
"2023-04-24","10:25","인천","연수구","송도미래로(동→서)","인천광역시 연수구 송도동 287 도","인천광역시 연수구 송도동 39 도","19","37","156","나쁨"
"2023-04-24","10:31","인천","연수구","아카데미로(동→서)","인천광역시 연수구 송도동 39 도","인천광역시 연수구 송도동 143 도","19","36","58","좋음"
"2023-04-24","10:54","인천","연수구","인천타워대로(북→남)","인천광역시 연수구 송도동 78 도","인천광역시 연수구 송도동 39 도","19","35","59","좋음"
"2023-04-24","11:04","인천","연수구","첨단대로(북→남)","인천광역시 연수구 송도동 39 도","인천광역시 연수구 송도동 277 도","19","34","129","보통"
"2023-04-24","11:13","인천","연수구","송도문화로(동→서)","인천광역시 연수구 송도동 264 도","인천광역시 연수구 송도동 39 도","19","34","107","보통"
"2023-04-24","12:09","인천","연수구","송도문화로28번길(남→북)","인천광역시 연수구 송도동 265 도","인천광역시 연수구 송도동 264 도","19","35","82","좋음"
"2023-04-24","12:14","인천","연수구","송도문화로84번길(북→남)","인천광역시 연수구 송도동 264 도","인천광역시 연수구 송도동 198-3 도","19","35","34","매우좋음"
"2023-04-24","12:24","인천","연수구","송도교육로(동→서)","인천광역시 연수구 송도동 271 도","인천광역시 연수구 송도동 271 도","19","36","23","매우좋음"
"2023-04-24","12:34","인천","연수구","센트럴로(동→서)","인천광역시 연수구 송도동 39 도","인천광역시 연수구 송도동 76 도","20","35","8","매우좋음"
"2023-04-24","12:43","인천","연수구","해돋이로(서→동)","인천광역시 연수구 송도동 28-16 대","인천광역시 연수구 송도동 39 도","20","34","23","매우좋음"
"2023-04-24","13:08","인천","연수구","신송로(동→서)","인천광역시 연수구 송도동 39 도","인천광역시 연수구 송도동 71 도","20","34","20","매우좋음"
"2023-04-24","13:21","인천","연수구","컨벤시아대로42번길(서→동)","인천광역시 연수구 송도동 71 도","인천광역시 연수구 송도동 54 도","20","34","154","나쁨"
"2023-04-24","13:29","인천","연수구","컨벤시아대로130번길(동→서)","인천광역시 연수구 송도동 54 도","인천광역시 연수구 송도동 66 도","20","33","59","좋음"
"2023-04-24","13:39","인천","연수구","아트센터대로(서→동)","인천광역시 연수구 송도동 82 도","인천광역시 연수구 동춘동 906 도","21","31","24","매우좋음"
"2023-04-24","13:49","인천","연수구","컨벤시아대로(북→남)","인천광역시 연수구 동춘동 905-3 도","인천광역시 연수구 송도동 144 도","20","31","43","매우좋음"
"2023-04-24","14:07","인천","연수구","하모니로(남→북)","인천광역시 연수구 송도동 51 도","인천광역시 연수구 송도동 41 도","20","31","35","매우좋음"
"2023-04-24","14:28","인천","연수구","아암대로(남→북)","인천광역시 연수구 동춘동 916-3 도","인천광역시 연수구 옥련동 605-1도","21","30","10","매우좋음"
"2023-04-24","10:50","서울","성북구","돌곶이로(북→남)","서울특별시 성북구 장위동 310-22 도","서울특별시 성북구 석관동 332-5도","19","34","25","매우좋음"
"2023-04-24","12:20","서울","성북구","화랑로(동→서)","서울특별시 성북구 석관동 375천","서울특별시 성북구 장위동 2-2도","20","33","17","매우좋음"
"2023-04-24","12:33","서울","성북구","정릉로(동→서)","서울특별시 성북구 하월곡동 104-134 천","서울특별시 성북구 정릉동 산87-1 임","20","34","11","매우좋음"
"2023-04-24","12:47","서울","성북구","솔샘로(남→북)","서울특별시 성북구 정릉동 산87-302임","서울특별시 성북구 정릉동 239-23 도","20","34","7","매우좋음"
"2023-04-24","12:56","서울","성북구","보국문로(북→남)","서울특별시 성북구 정릉동 산1-1임","서울특별시 성북구 정릉동 966-1천","20","33","41","매우좋음"
"2023-04-24","13:05","서울","성북구","아리랑로(북→남)","서울특별시 성북구 정릉동 153-1천","서울특별시 성북구 동소문동6가 116-6 도","19","34","13","매우좋음"
"2023-04-24","13:16","서울","성북구","성북로(동→서)","서울특별시 성북구 성북동1가 50-3도","서울특별시 성북구 성북동 330-125 도","20","34","14","매우좋음"
"2023-04-24","13:35","서울","성북구","인촌로(서→동)","서울특별시 성북구 보문동1가 127-1 도","서울특별시 성북구 안암동5가 1-10도","21","33","13","매우좋음"
"2023-04-24","13:44","서울","성북구","종암로(남→북)","서울특별시 성북구 종암동 29-18도","서울특별시 성북구 하월곡동 200도","21","31","9","매우좋음"
"2023-04-24","13:54","서울","성북구","오패산로(북→남)","서울특별시 강북구 미아동 1318-1 도","서울특별시 성북구 하월곡동 67-122천","21","32","7","매우좋음"
"2023-04-24","14:12","서울","성북구","보문로(남→북)","서울특별시 성북구 보문동7가 119-1도","서울특별시 성북구 동소문동5가 50-25도","20","33","33","매우좋음"
"2023-04-24","14:51","서울","성북구","동소문로(남→북)","서울특별시 성북구 성북동1가 50-3도","서울특별시 성북구 길음동 14-1도","21","31","21","매우좋음"
"2023-04-24","15:06","서울","성북구","월계로(서→동)","서울특별시 성북구 하월곡동 200도","서울특별시 강북구 번동 31 도","21","30","15","매우좋음"
"2023-04-24","15:14","서울","성북구","한천로(북→남)","서울특별시 성북구 장위동 311-42 천","서울특별시 성북구 석관동 43-1도","21","31","40","매우좋음"
"2023-04-26","09:11","경기","부천시","상동로(북→남)","경기도 부천시 상동 628 도","경기도 부천시 상동 468 도","11","65","26","매우좋음"
"2023-04-26","09:26","경기","부천시","상일로(동→서)","경기도 부천시 상동 497 도","경기도 부천시 상동 626 도","10","66","102","보통"
"2023-04-26","09:33","경기","부천시","장말로(서→동)","경기도 부천시 상동 626 도","경기도 부천시 심곡동 501 도","10","65","68","좋음"
"2023-04-26","09:55","경기","부천시","옥산로(남→북)","경기도 부천시 중동 1274 도","경기도 부천시 내동 395 도","10","63","41","매우좋음"
"2023-04-26","10:18","경기","부천시","도약로(동→서)","경기도 부천시 도당동 174도","경기도 부천시 상동 529-21 도","11","62","56","좋음"
"2023-04-26","11:04","경기","부천시","계남로(서→동)","경기도 부천시 상동 21 도","경기도 부천시 중동 1285 도","11","60","38","매우좋음"
"2023-04-26","11:23","경기","부천시","소향로(동→서)","경기도 부천시 중동 1274 도","경기도 부천시 상동 21 도","11","57","18","매우좋음"
"2023-04-26","11:40","경기","부천시","조마루로(서→동)","경기도 부천시 상동 623 도","경기도 부천시 원미동 49도","11","57","33","매우좋음"
"2023-04-26","12:05","경기","부천시","까치로(남→북)","경기도 부천시 작동 440 도","경기도 부천시 원종동 433 도","10","60","19","매우좋음"
"2023-04-26","12:13","경기","부천시","수도로(동→서)","경기도 부천시 원종동 433 도","경기도 부천시 중동 1001-20도","11","59","31","매우좋음"
"2023-04-26","12:21","경기","부천시","평천로(동→서)","경기도 부천시 도당동 78도","경기도 부천시 상동 701-36 답","11","59","21","매우좋음"
"2023-04-26","12:44","경기","부천시","부흥로(서→동)","경기도 부천시 상동 623 도","경기도 부천시 소사동 249 도","11","60","30","매우좋음"
"2023-04-26","13:12","경기","부천시","부일로(동→서)","경기도 부천시 역곡동 252-4 도","경기도 부천시 상동 627 도","11","59","27","매우좋음"
"2023-04-26","13:54","경기","부천시","경인로(서→동)","경기도 부천시 송내동 471 도","경기도 부천시 괴안동 206-5 도","12","57","18","매우좋음"
"2023-04-26","14:16","경기","부천시","양지로(북→남)","경기도 부천시 괴안동 50 도","경기도 부천시 옥길동 739-4 도","12","57","36","매우좋음"
"2023-04-26","10:13","경기","용인시 수지구","법조로(남→북)","경기도 용인시수지구 상현동 916도","경기도 용인시수지구 상현동 341-26 도","11","86","43","매우좋음"
"2023-04-26","10:20","경기","용인시 수지구","수지로(남→북)","경기도 용인시수지구 상현동 354-15답","경기도 용인시수지구 동천동 192-3도","11","82","62","좋음"
"2023-04-26","10:37","경기","용인시 수지구","손곡로(동→서)","경기도 용인시수지구 동천동 325-301답","경기도 용인시수지구 동천동 958 도","12","77","30","매우좋음"
"2023-04-26","10:49","경기","용인시 수지구","동천로(서→동)","경기도 용인시수지구 고기동 223-2 대","경기도 용인시수지구 동천동 185-28도","12","77","177","나쁨"
"2023-04-26","10:58","경기","용인시 수지구","신수로(북→남)","경기도 성남시 분당구 동원동 44-2도","경기도 용인시수지구 풍덕천동 981대","13","73","7","매우좋음"
"2023-04-26","11:04","경기","용인시 기흥구","신수로(북→남)","경기도 용인시수지구 풍덕천동 991대","경기도 용인시기흥구 영덕동 48-1전","13","73","3","매우좋음"
"2023-04-26","11:11","경기","용인시 기흥구","용구대로(남→북)","경기도 용인시기흥구 고매동 202-8전","경기도 용인시기흥구 보정동 1332천","11","76","16","매우좋음"
"2023-04-26","11:22","경기","용인시 수지구","용구대로(남→북)","경기도 용인시수지구 죽전동 1423천","경기도 용인시수지구 죽전동 915-1도","12","75","17","매우좋음"
"2023-04-26","11:29","경기","용인시 수지구","현암로(서→동)","경기도 용인시수지구 죽전동 881-16도","경기도 용인시수지구 죽전동 1397도","13","72","29","매우좋음"
"2023-04-26","11:39","경기","용인시 수지구","죽전로(북→남)","경기도 용인시수지구 죽전동 1395도","경기도 용인시수지구 죽전동 1442도","12","76","36","매우좋음"
"2023-04-26","11:53","경기","용인시 기흥구","보정로(동→서)","경기도 용인시기흥구 보정동 1353도","경기도 용인시기흥구 보정동 1100-3구","12","77","53","좋음"
"2023-04-26","12:02","경기","용인시 수지구","포은대로(동→서)","경기도 용인시수지구 죽전동 산 26-49임","경기도 용인시수지구 상현동 1176도","12","76","11","매우좋음"
"2023-04-26","12:11","경기","용인시 수지구","상현로(서→동)","경기도 용인시수지구 상현동 790-18 천","경기도 용인시수지구 상현동 82-1묘","11","80","27","매우좋음"
"2023-04-26","12:21","경기","용인시 수지구","정평로(남→북)","경기도 용인시수지구 풍덕천동 1124도","경기도 용인시수지구 풍덕천동 782도","12","78","47","매우좋음"
"2023-04-26","12:32","경기","용인시 수지구","수풍로(남→북)","경기도 용인시수지구 풍덕천동 747도","경기도 용인시수지구 동천동 890도","12","78","21","매우좋음"
"2023-04-26","13:13","경기","용인시 수지구","풍덕천로(동→서)","경기도 용인시수지구 풍덕천동 883도","경기도 용인시수지구 풍덕천동 1011도","12","74","10","매우좋음"
"2023-04-26","13:24","경기","용인시 수지구","신봉1로(동→서)","경기도 용인시수지구 풍덕천동 1011도","경기도 용인시수지구 신봉동 765-23도","11","77","18","매우좋음"
"2023-04-26","13:34","경기","용인시 수지구","신봉2로(북→남)","경기도 용인시수지구 신봉동","경기도 용인시수지구 신봉동 32-1도","11","79","18","매우좋음"
"2023-04-26","13:44","경기","용인시 수지구","도마치로(북→남)","경기도 용인시수지구 신봉동","경기도 용인시수지구 성복동 산54-2임","11","78","12","매우좋음"
"2023-04-26","13:50","경기","용인시 수지구","성복2로(서→동)","경기도 용인시수지구 성복동 715도","경기도 용인시수지구 상현동 83-3임","11","79","17","매우좋음"
"2023-04-26","13:59","경기","용인시 수지구","성복1로(동→서)","경기도 용인시수지구 상현동 103-2도","경기도 용인시수지구 성복동 558-16도","11","79","15","매우좋음"
"2023-04-26","10:37","경기","양주시","삼육사로(동→서)","경기도 양주시 은현면 봉암리 196-8 도","경기도 양주시 남면 구암리 40-5 도","9","77","7","매우좋음"
"2023-04-26","10:52","경기","양주시","감악산로(북→남)","경기도 양주시 남면 신암리 산 90-4 도","경기도 양주시 남면 상수리 312-4 도","9","81","42","매우좋음"
"2023-04-26","11:09","경기","양주시","광적로(북→남)","경기도 양주시 광적면 덕도리 산 132-1 도","경기도 양주시 광적면 가납리 679-6 도","10","69","6","매우좋음"
"2023-04-26","11:15","경기","양주시","백은로(남→북)","경기도 양주시 백석읍 연곡리 19-16 도","경기도 양주시 은현면 운암리 495-20도","11","66","8","매우좋음"
"2023-04-26","11:26","경기","양주시","고릉말로(동→서)","경기도 양주시 백석읍 방성리 101-1도","경기도 양주시 백석읍 오산리 20-4전","12","66","55","좋음"
"2023-04-26","11:33","경기","양주시","중앙로(서→동)","경기도 양주시 백석읍 오산리 653-12 구","경기도 양주시 백석읍 방성리 538-1도","10","67","15","매우좋음"
"2023-04-26","13:04","경기","의정부시","민락로(남→북)","경기도 의정부시 용현동 65-7도","경기도 의정부시 자일동 산48-5임","11","64","5","매우좋음"
"2023-04-26","13:25","경기","의정부시","호국로(동→서)","경기도 의정부시 자일동 산44-5도","경기도 양주시 장흥면 울대리 산46-2구","12","61","3","매우좋음"
"2023-04-26","13:59","경기","의정부시","신흥로(북→남)","경기도 의정부시 가능동 816 도","경기도 의정부시 호원동 440-4도","12","60","15","매우좋음"
"2023-04-26","14:20","경기","의정부시","장곡로(남→북)","경기도 의정부시 장암동 142-10잡","경기도 의정부시 신곡동 813-22도","13","58","5","매우좋음"
"2023-04-26","14:34","경기","의정부시","경의로(동→서)","경기도 의정부시 신곡동 748-1도","경기도 의정부시 의정부동 616도","13","56","39","매우좋음"
"2023-04-26","14:38","경기","의정부시","시민로(서→동)","경기도 의정부시 의정부동 617도","경기도 의정부시 용현동 65-7도","14","55","10","매우좋음"
"2023-04-26","15:01","경기","의정부시","동일로(남→북)","경기도 의정부시 장암동 385-25 도","경기도 의정부시 녹양동 8-7천","14","55","5","매우좋음"
"2023-04-26","11:32","경기","화성시","발안만세길(북→남)","경기도 화성시 향남읍 장짐리 360-10답","경기도 화성시 향남읍 제암리 118-2도","10","67","81","좋음"
"2023-04-26","11:43","경기","화성시","향남로(북→남)","경기도 화성시 팔탄면 가재리 537-1대","경기도 화성시 향남읍 상신리 813-21 답","10","67","54","좋음"
"2023-04-26","11:59","경기","화성시","발안로(서→동)","경기도 화성시 향남읍 평리 223-42도","경기도 화성시 향남읍 수직리 97-1도","10","67","58","좋음"
"2023-04-26","12:10","경기","화성시","행정동로(북→남)","경기도 화성시 향남읍 도이리 425도","경기도 화성시 향남읍 행정리 583-1도","10","68","94","좋음"
"2023-04-26","12:16","경기","화성시","행정중앙1로(동→서)","경기도 화성시 향남읍 행정리 583-1도","경기도 화성시 향남읍 행정리 534-2도","10","68","89","좋음"
"2023-04-26","12:20","경기","화성시","행정중앙2로(서→동)","경기도 화성시 향남읍 행정리 534도","경기도 화성시 향남읍 행정리 583도","10","68","99","좋음"
"2023-04-26","12:35","경기","화성시","시청로(동→서)","경기도 화성시 정남면 문학리 538-5임","경기도 화성시 남양읍 남양리 1194-3도","10","68","45","매우좋음"
"2023-04-26","12:50","경기","화성시","동화길(북→남)","경기도 화성시 봉담읍 수영리 660-1도","경기도 화성시 봉담읍 분천리 51-2도","11","66","102","보통"
"2023-04-26","13:03","경기","화성시","동화역말길(서→동)","경기도 화성시 봉담읍 동화리 636-1도","경기도 화성시 봉담읍 와우리 122도","11","65","27","매우좋음"
"2023-04-26","13:12","경기","화성시","효행로(서→동)","경기도 화성시 봉담읍 수영리 233-4목","경기도 화성시 반월동 124-6도","12","63","29","매우좋음"
"2023-04-26","09:28","인천","연수구","비류대로(서→동)","인천광역시 연수구 옥련동 605-1도","인천광역시 연수구 선학동 384도","11","62","29","매우좋음"
"2023-04-26","09:44","인천","연수구","먼우금로(북→남)","인천광역시 연수구 연수동 641도","인천광역시 연수구 동춘동 952도","11","60","11","매우좋음"
"2023-04-26","10:00","인천","연수구","원인재로(남→북)","인천광역시 연수구 동춘동 959도","인천광역시 연수구 연수동 637도","11","60","8","매우좋음"
"2023-04-26","10:19","인천","연수구","새말로(서→동)","인천광역시 연수구 연수동 641도","인천광역시 연수구 연수동 646-4도","11","60","21","매우좋음"
"2023-04-26","10:23","인천","연수구","용담로(동→서)","인천광역시 연수구 연수동 649도","인천광역시 연수구 청학동 514도","11","59","13","매우좋음"
"2023-04-26","10:49","인천","연수구","청능대로(서→동)","인천광역시 연수구 청학동 456도","인천광역시 연수구 동춘동 953도","11","60","13","매우좋음"
"2023-04-26","10:56","인천","연수구","앵고개로(동→서)","인천광역시 연수구 동춘동 957도","인천광역시 연수구 동춘동 906 도","10","61","8","매우좋음"
"2023-04-26","11:19","인천","연수구","테크노파크로(서→동)","인천광역시 연수구 송도동 78 도","인천광역시 연수구 송도동 39 도","10","62","22","매우좋음"
"2023-04-26","11:30","인천","연수구","갯벌로(남→북)","인천광역시 연수구 송도동 46 도","인천광역시 연수구 송도동 7-64 도","10","61","21","매우좋음"
"2023-04-26","11:42","인천","연수구","벤처로(남→북)","인천광역시 연수구 송도동 11-54 도","인천광역시 연수구 송도동 53 도","10","61","29","매우좋음"
"2023-04-26","11:53","인천","연수구","송도과학로(서→동)","인천광역시 연수구 송도동 39 도","인천광역시 연수구 송도동 241 도","11","59","8","매우좋음"
"2023-04-26","12:39","인천","연수구","벚꽃로(동→서)","인천광역시 연수구 연수동 647도","인천광역시 연수구 청학동 514도","11","59","13","매우좋음"
"2023-04-26","12:48","인천","연수구","함박뫼로(서→동)","인천광역시 연수구 청학동 507도","인천광역시 연수구 연수동 637도","11","57","11","매우좋음"
"2023-04-26","12:59","인천","연수구","선학로(남→북)","인천광역시 연수구 선학동 384도","인천광역시 연수구 선학동 423도","11","58","2","매우좋음"
"2023-04-26","13:13","인천","연수구","미추홀대로(북→남)","인천광역시 연수구 청학동 217-75 도","인천광역시 연수구 동춘동 905-3 도","11","59","5","매우좋음"
"2023-04-26","13:24","인천","연수구","능허대로(남→북)","인천광역시 연수구 동춘동 958 도","인천광역시 연수구 옥련동 605-1도","11","58","21","매우좋음"
"2023-04-26","13:41","인천","연수구","한나루로(동→서)","인천광역시 연수구 옥련동 304-2도","인천광역시 연수구 옥련동 194-73도","12","56","54","좋음"
"2023-04-26","13:48","인천","연수구","옥련로(서→동)","인천광역시 연수구 옥련동 194-240 도","인천광역시 연수구 옥련동 337-5도","11","58","24","매우좋음"
"2023-04-26","13:59","인천","연수구","독배로(남→북)","인천광역시 연수구 옥련동 468-3도","인천광역시 연수구 옥련동 63-7도","11","59","5","매우좋음"
"2023-04-27","10:22","경기","용인시 수지구","만현로(남→북)","경기도 용인시수지구 상현동 250-1수","경기도 용인시수지구 풍덕천동 1124도","14","78","19","매우좋음"
"2023-04-27","10:29","경기","용인시 수지구","진산로(서→동)","경기도 용인시수지구 풍덕천동 1124도","경기도 용인시기흥구 보정동 298-8임","14","80","21","매우좋음"
"2023-04-27","10:34","경기","용인시 기흥구","용구대로2469번길(북→남)","경기도 용인시수지구 죽전동 998-20도","경기도 용인시기흥구 보정동 산 63-1도","15","75","13","매우좋음"
"2023-04-27","10:40","경기","용인시 기흥구","구교동로(서→동)","경기도 용인시기흥구 보정동 1019-236도","경기도 용인시기흥구 마북동 144-2 도","15","73","9","매우좋음"
"2023-04-27","10:50","경기","용인시 기흥구","구성로(동→서)","경기도 용인시기흥구 청덕동 597도","경기도 용인시기흥구 마북동 465-2도","14","75","23","매우좋음"
"2023-04-27","11:02","경기","용인시 기흥구","기흥로116번길(동→서)","경기도 용인시기흥구 언남동 499-1도","경기도 용인시기흥구 신갈동 167도","15","71","111","보통"
"2023-04-27","11:05","경기","용인시 기흥구","구갈로(북→남)","경기도 용인시기흥구 신갈동 167도","경기도 용인시기흥구 구갈동 428대","15","68","21","매우좋음"
"2023-04-27","11:13","경기","용인시 기흥구","기흥로(남→북)","경기도 용인시기흥구 구갈동 373-6전","경기도 용인시기흥구 신갈동 679도","16","63","29","매우좋음"
"2023-04-27","11:18","경기","용인시 기흥구","관곡로(서→동)","경기도 용인시기흥구 신갈동 614도","경기도 용인시기흥구 구갈동 290-1도","16","66","17","매우좋음"
"2023-04-27","11:27","경기","용인시 기흥구","신갈로(북→남)","경기도 용인시기흥구 신갈동 388-434도","경기도 용인시기흥구 상갈동 126도","17","65","34","매우좋음"
"2023-04-27","11:32","경기","용인시 기흥구","금화로(북→남)","경기도 용인시기흥구 상갈동 96-2도","경기도 용인시기흥구 상갈동 34-5답","16","65","5","매우좋음"
"2023-04-27","12:27","경기","용인시 기흥구","한보라1로(북→남)","경기도 용인시기흥구 보라동 636-1 도","경기도 용인시기흥구 공세동 690도","18","56","19","매우좋음"
"2023-04-27","12:40","경기","용인시 기흥구","탑실로(동→서)","경기도 용인시기흥구 공세동 731 도","경기도 용인시기흥구 공세동 307-27답","17","57","17","매우좋음"
"2023-04-27","12:57","경기","용인시 기흥구","덕영대로(남→북)","경기도 용인시기흥구 서천동 산11-3도","경기도 용인시기흥구 영덕동 798도","19","53","4","매우좋음"
"2023-04-27","13:11","경기","용인시 기흥구","흥덕중앙로(동→서)","경기도 용인시기흥구 영덕동 1186도","경기도 용인시기흥구 영덕동 1256천","19","49","8","매우좋음"
"2023-04-27","13:20","경기","용인시 기흥구","흥덕2로(북→남)","경기도 용인시기흥구 영덕동 1202천","경기도 용인시기흥구 영덕동 889도","19","50","9","매우좋음"
"2023-04-27","13:25","경기","용인시 기흥구","흥덕1로(북→남)","경기도 용인시기흥구 영덕동 1152도","경기도 용인시기흥구 영덕동 1144도","19","45","46","매우좋음"
"2023-04-27","13:38","경기","용인시 기흥구","중부대로(서→동)","경기도 용인시기흥구 영덕동 889도","경기도 용인시기흥구 상하동 산 46-107도","20","43","110","보통"
"2023-04-27","09:50","경기","의정부시","평화로(남→북)","경기도 의정부시 호원동 196도","경기도 의정부시 녹양동 14-2대","14","66","17","매우좋음"
"2023-04-27","10:15","경기","의정부시","체육로(북→남)","경기도 의정부시 녹양동 102-9 도","경기도 의정부시 가능동 340-15잡","14","66","4","매우좋음"
"2023-04-27","10:24","경기","의정부시","비우로(서→동)","경기도 의정부시 가능동 378-2잡","경기도 의정부시 가능동 93-8 도","15","63","17","매우좋음"
"2023-04-27","10:29","경기","의정부시","서부로(북→남)","경기도 의정부시 녹양동 107-37 도","경기도 의정부시 호원동 218-18 도","15","60","4","매우좋음"
"2023-04-27","10:38","경기","의정부시","의정로(북→남)","경기도 의정부시 가능동 341-5 도","경기도 의정부시 의정부동 617도","15","59","9","매우좋음"
"2023-04-27","10:50","경기","의정부시","범골로(북→남)","경기도 의정부시 의정부동 691 도","경기도 의정부시 호원동 326-24 도","16","58","5","매우좋음"
"2023-04-27","10:59","경기","의정부시","회룡로(서→동)","경기도 의정부시 호원동 393-3 답","경기도 의정부시 신곡동 산87-6 도","16","56","7","매우좋음"
"2023-04-27","11:17","경기","의정부시","추동로(서→동)","경기도 의정부시 신곡동 690도","경기도 의정부시 금오동 21-3도","16","57","3","매우좋음"
"2023-04-27","11:27","경기","의정부시","산단로(북→남)","경기도 의정부시 낙양동 산130-9도","경기도 의정부시 용현동 399-6 도","16","57","6","매우좋음"
"2023-04-27","11:32","경기","의정부시","용현로(서→동)","경기도 의정부시 용현동 산31-37 임","경기도 의정부시 민락동 산103-4 도","16","57","9","매우좋음"
"2023-04-27","11:40","경기","의정부시","송현로(동→서)","경기도 의정부시 민락동 913 도","경기도 의정부시 낙양동 694도","16","56","6","매우좋음"
"2023-04-27","11:44","경기","의정부시","충의로(북→남)","경기도 의정부시 용현동 564도","경기도 의정부시 용현동 70-8 도","17","55","4","매우좋음"
"2023-04-27","11:53","경기","의정부시","천보로(동→서)","경기도 의정부시 민락동 912 도","경기도 의정부시 금오동 382-2도","17","55","3","매우좋음"
"2023-04-27","13:15","경기","의정부시","송양로(서→동)","경기도 의정부시 낙양동 719 도","경기도 의정부시 민락동 908 도","19","47","2","매우좋음"
"2023-04-27","13:21","경기","의정부시","용민로(동→서)","경기도 의정부시 민락동 908 도","경기도 의정부시 용현동 406-3도","19","45","4","매우좋음"
"2023-04-27","10:37","경기","화성시","삼성1로(북→남)","경기도 화성시 반월동 124-6도","경기도 화성시 석우동 590-51천","15","62","7","매우좋음"
"2023-04-27","10:42","경기","화성시","노작로(북→남)","경기도 화성시 석우동 590-9천","경기도 화성시 오산동  952-39도","15","60","23","매우좋음"
"2023-04-27","10:49","경기","화성시","동탄나루로(북→남)","경기도 화성시 반송동 243-4도","경기도 화성시 반송동 301-2도","15","61","14","매우좋음"
"2023-04-27","10:53","경기","화성시","10용사로(동→서)","경기도 화성시 오산동  881-7도","경기도 화성시 안녕동 71-145전","15","60","10","매우좋음"
"2023-04-27","11:07","경기","화성시","경기대로(남→북)","경기도 화성시 병점동 505-8도","경기도 수원시 권선구 대황교동 525-2천","16","59","10","매우좋음"
"2023-04-27","11:36","경기","화성시","동탄지성로(북→남)","경기도 화성시 반월동 767-6도","경기도 화성시 반송동 243도","17","52","19","매우좋음"
"2023-04-27","11:57","경기","화성시","동탄반석로(북→남)","경기도 화성시 석우동 113도","경기도 화성시 반송동 290도","17","50","14","매우좋음"
"2023-04-27","12:09","경기","화성시","동탄중앙로(남→북)","경기도 화성시 반송동 290도","경기도 화성시 영천동  167-8도","17","50","10","매우좋음"
"2023-04-27","12:34","경기","화성시","동탄원천로(동→서)","경기도 화성시 영천동 651-162도","경기도 화성시 반정동 537-5천","18","45","7","매우좋음"
"2023-04-27","12:41","경기","화성시","여울로(북→남)","경기도 화성시 능동 1175도","경기도 화성시 능동 1243도","18","44","36","매우좋음"
"2023-04-27","12:50","경기","화성시","동탄공원로(남→북)","경기도 화성시 능동 1242도","경기도 화성시 반송동 109도","18","44","19","매우좋음"
"2023-04-27","10:39","경기","오산시","동부대로(북→남)","경기도 오산시 부산동 209-5 도","경기도 오산시 갈곶동 398-4 구","15","52","3","매우좋음"
"2023-04-27","10:55","경기","오산시","남부대로(동→서)","경기도 오산시 고현동 194도","경기도 오산시 벌음동 138-2도","15","51","4","매우좋음"
"2023-04-27","11:23","경기","오산시","가장로(서→동)","경기도 오산시 가장동 산 70-2도","경기도 오산시 가수동 289-12 도","16","50","8","매우좋음"
"2023-04-27","11:30","경기","오산시","성호대로(서→동)","경기도 오산시 가수동 289-12 도","경기도 오산시 부산동 736답","17","47","4","매우좋음"
"2023-04-27","11:46","경기","오산시","운암로(남→북)","경기도 오산시 원동 819도","경기도 오산시 오산동 926도","16","46","9","매우좋음"
"2023-04-27","11:57","경기","오산시","경기동로(동→서)","경기도 오산시 부산동 1-2 도","경기도 오산시 오산동 62-2도","17","44","37","매우좋음"
"2023-04-27","12:09","경기","오산시","청학로(남→북)","경기도 오산시 가수동 289-12 도","경기도 오산시 내삼미동 901도","17","43","42","매우좋음"
"2023-04-27","12:21","경기","오산시","북삼미로(남→북)","경기도 오산시 내삼미동 902도","경기도 오산시 외삼미동 138-1도","18","42","58","좋음"
"2023-04-27","13:11","경기","오산시","문시로(동→서)","경기도 오산시 외삼미동 산 32-2도","경기도 오산시 외삼미동 638도","19","35","35","매우좋음"
"2023-04-27","13:23","경기","오산시","오산대역로(서→동)","경기도 오산시 금암동 298도","경기도 오산시 내삼미동 902도","19","35","47","매우좋음"
"2023-04-27","13:35","경기","오산시","내삼미로(북→남)","경기도 오산시 내삼미동 902도","경기도 오산시 수청동 75도","19","34","29","매우좋음"
"2023-04-27","13:49","경기","오산시","수청로(동→서)","경기도 오산시 수청동 604도","경기도 오산시 금암동 481구","19","35","19","매우좋음"
"2023-04-27","14:09","경기","오산시","경기대로(북→남)","경기도 오산시 세교동 160-11도","경기도 오산시 갈곶동 233도","20","34","8","매우좋음"
"2023-04-27","14:31","경기","오산시","오산로(남→북)","경기도 오산시 갈곶동 196-1도","경기도 오산시 수청동 111-12도","21","33","12","매우좋음"
"2023-04-27","14:53","경기","오산시","수목원로(남→북)","경기도 오산시 탑동 88-6도","경기도 오산시 세교동 628도","20","33","42","매우좋음"
"2023-04-27","15:29","경기","오산시","궐리사로(동→서)","경기도 오산시 궐동 715 도","경기도 오산시 궐동 711 도","21","27","9","매우좋음"
"2023-04-28","09:22","서울","노원구","동일로(북→남)","서울특별시 노원구 상계동 1200-3도","서울특별시 노원구 공릉동 678-7도","16","55","17","매우좋음"
"2023-04-28","09:47","서울","노원구","섬밭로(남→북)","서울특별시 노원구 공릉동 704-5도","서울특별시 노원구 중계동 500-1도","16","55","29","매우좋음"
"2023-04-28","10:09","서울","노원구","초안산로(남→북)","서울특별시 노원구 월계동 620-3도","서울특별시 노원구 월계동 산63-7수","17","51","30","매우좋음"
"2023-04-28","10:20","서울","노원구","월계로(서→동)","서울특별시 노원구 월계동 875-6천","서울특별시 노원구 하계동 312-11천","17","52","59","좋음"
"2023-04-28","10:25","서울","노원구","한글비석로(남→북)","서울특별시 노원구 하계동 354-9도","서울특별시 노원구 상계동 699도","18","50","51","좋음"
"2023-04-28","10:52","서울","노원구","노원로(북→남)","서울특별시 노원구 상계동","서울특별시 노원구 공릉동 70-2도","19","46","31","매우좋음"
"2023-04-28","11:50","서울","노원구","공릉로(남→북)","서울특별시 노원구 공릉동 656-2도","서울특별시 노원구 중계동 514-6도","20","34","16","매우좋음"
"2023-04-28","12:00","서울","노원구","덕릉로(남→북)","서울특별시 노원구 상계동 770-1천","서울특별시 노원구 상계동 산156-6도","20","35","22","매우좋음"
"2023-04-28","12:15","서울","노원구","상계로(동→서)","서울특별시 노원구 상계동 66답","서울특별시 노원구 상계동 739-4도","20","34","29","매우좋음"
"2023-04-28","12:28","서울","노원구","노해로(서→동)","서울특별시 노원구 상계동 791-1천","서울특별시 노원구 상계동 719도","20","32","13","매우좋음"
"2023-04-28","12:39","서울","노원구","중계로(북→남)","서울특별시 노원구 중계동 370도","서울특별시 노원구 하계동 산34-8도","20","30","28","매우좋음"
"2023-04-28","12:56","서울","노원구","마들로(북→남)","서울특별시 노원구 월계동 671-16천","서울특별시 노원구 월계동 19도","21","31","15","매우좋음"
"2023-04-28","13:03","서울","노원구","화랑로(서→동)","서울특별시 노원구 월계동 42-9도","서울특별시 노원구 공릉동 26-93 도","21","31","10","매우좋음"
"2023-04-28","10:13","경기","용인시 처인구","에버랜드로(서→동)","경기도 용인시처인구 포곡읍 마성리 산 11-10임","경기도 용인시처인구 포곡읍 둔전리 345-7답","19","59","38","매우좋음"
"2023-04-28","10:17","경기","용인시 처인구","포곡로(북→남)","경기도 용인시처인구 포곡읍 삼계리 412-2도","경기도 용인시처인구 유방동 481-12도","18","56","14","매우좋음"
"2023-04-28","10:24","경기","용인시 처인구","백옥대로(북→남)","경기도 용인시처인구 모현면 왕산리 681-15도","경기도 용인시처인구 이동면 송전리 756-6전","19","54","9","매우좋음"
"2023-04-28","10:43","경기","용인시 처인구","금령로(동→서)","경기도 용인시처인구 마평동 759 도","경기도 용인시처인구 김량장동 380도","19","52","52","좋음"
"2023-04-28","10:59","경기","용인시 처인구","용인대학로(남→북)","경기도 용인시처인구 역북동 산108-6임","경기도 용인시처인구 역북동 632-72천","18","48","66","좋음"
"2023-04-28","11:03","경기","용인시 처인구","금학로(서→동)","경기도 용인시처인구 삼가동 481-74천","경기도 용인시처인구 마평동 529-6철","19","45","24","매우좋음"
"2023-04-28","11:25","경기","용인시 처인구","중부대로(동→서)","경기도 용인시처인구 양지면 추계리 산 3-2임","경기도 용인시처인구 삼가동 산 30-2도","19","40","35","매우좋음"
"2023-04-28","11:47","경기","용인시 처인구","동백죽전대로(남→북)","경기도 용인시처인구 삼가동 산40-2도","경기도 용인시처인구 삼가동 산171-1 도","20","40","17","매우좋음"
"2023-04-28","11:49","경기","용인시 기흥구","동백죽전대로(남→북)","경기도 용인시기흥구 중동 797-16 도","경기도 용인시수지구 죽전동 1398도","20","39","11","매우좋음"
"2023-04-28","12:01","경기","용인시 기흥구","동백8로(서→동)","경기도 용인시기흥구 동백동 668도","경기도 용인시기흥구 동백동 37-26 도","20","38","2","매우좋음"
"2023-04-28","12:08","경기","용인시 기흥구","동백7로(동→서)","경기도 용인시기흥구 중동 1056도","경기도 용인시기흥구 동백동 668도","19","38","31","매우좋음"
"2023-04-28","12:13","경기","용인시 기흥구","동백중앙로(북→남)","경기도 용인시기흥구 동백동 112-4임","경기도 용인시기흥구 중동 1079도","20","34","11","매우좋음"
"2023-04-28","12:30","경기","용인시 기흥구","동백3로(남→북)","경기도 용인시기흥구 중동 1074도","경기도 용인시기흥구 중동 1055도","19","36","38","매우좋음"
"2023-04-28","13:32","경기","용인시 기흥구","동백죽전대로527번길(동→서)","경기도 용인시기흥구 동백동 668도","경기도 용인시기흥구 중동 1118 도","21","40","9","매우좋음"
"2023-04-28","13:40","경기","용인시 기흥구","어정로(동→서)","경기도 용인시기흥구 중동 1060도","경기도 용인시기흥구 구갈동 653-4 도","22","40","2","매우좋음"
"2023-04-28","13:50","경기","용인시 기흥구","강남서로(북→남)","경기도 용인시기흥구 구갈동 609도","경기도 용인시기흥구 구갈동 636도","21","42","18","매우좋음"
"2023-04-28","09:25","인천","미추홀구","방축로(서→동)","도화동 967-3","주안동 3-46","17","70","5","매우좋음"
"2023-04-28","09:32","인천","미추홀구","염전로(동→서)","인천광역시 남동구 간석동 618-3도","인천광역시 미추홀구 도화동 981-1도","16","70","30","매우좋음"
"2023-04-28","09:41","인천","미추홀구","송림로(서→동)","인천광역시 미추홀구 도화동 20-10 도","인천광역시 미추홀구 도화동 252-4 도","16","69","9","매우좋음"
"2023-04-28","09:44","인천","미추홀구","장고개로(북→남)","인천광역시 미추홀구 도화동 974-1도","인천광역시 미추홀구 도화동 255도","16","68","8","매우좋음"
"2023-04-28","09:52","인천","미추홀구","주안로(서→동)","인천광역시 미추홀구 도화동 546도","인천광역시 미추홀구 주안동 883도","17","61","5","매우좋음"
"2023-04-28","10:04","인천","미추홀구","경인로(동→서)","인천광역시 미추홀구 주안동 957도","인천광역시 미추홀구 숭의동 162-14도","17","61","7","매우좋음"
"2023-04-28","10:23","인천","미추홀구","독배로(북→남)","인천광역시 미추홀구 숭의동 162-14도","인천광역시 미추홀구 학익동 626-7 도","17","65","17","매우좋음"
"2023-04-28","10:33","인천","미추홀구","소성로(서→동)","인천광역시 미추홀구 용현동 672-3 도","인천광역시 미추홀구 문학동 428도","18","61","10","매우좋음"
"2023-04-28","10:47","인천","미추홀구","매소홀로(동→서)","인천광역시 미추홀구 관교동 561 도","인천광역시 미추홀구 용현동 627-567 도","17","57","10","매우좋음"
"2023-04-28","11:07","인천","미추홀구","아암대로(남→북)","인천광역시 미추홀구 학익동 587-115도","인천광역시 미추홀구 숭의동 443-1도","19","51","5","매우좋음"
"2023-04-28","11:26","인천","미추홀구","인하로(서→동)","인천광역시 미추홀구 용현동 345-1 도","인천광역시 미추홀구 관교동 16도","18","45","10","매우좋음"
"2023-04-28","11:39","인천","미추홀구","인주대로(동→서)","인천광역시 미추홀구 주안동 1484도","인천광역시 미추홀구 숭의동 440-16 철","19","41","2","매우좋음"
"2023-04-28","11:54","인천","미추홀구","석정로(서→동)","인천광역시 미추홀구 숭의동 162-14도","인천광역시 미추홀구 주안동 40-4도","19","41","9","매우좋음"
"2023-04-28","14:05","인천","미추홀구","경원대로(북→남)","인천광역시 미추홀구 주안동 40-4도","인천광역시 미추홀구 문학동 23-3 도","22","44","5","매우좋음"
"2023-04-28","14:19","인천","미추홀구","미추홀대로(남→북)","인천광역시 미추홀구 학익동 82-18 임","인천광역시 미추홀구 주안동 234도","21","50","9","매우좋음"
"2023-04-28","14:36","인천","미추홀구","한나루로(북→남)","인천광역시 미추홀구 도화동 546도","인천광역시 미추홀구 학익동 180-11 도","21","53","5","매우좋음"
"2023-04-28","10:08","서울","종로구","청계천로(서→동)","서울특별시 중구 태평로1가 63-17도","서울특별시 중구 황학동 2472-1천","18","57","60","좋음"
"2023-04-28","10:41","서울","종로구","지봉로(남→북)","서울특별시 종로구 창신동 436-87천","서울특별시 종로구 숭인동 2-1 대","19","52","20","매우좋음"
"2023-04-28","10:50","서울","종로구","종로(동→서)","서울특별시 종로구 숭인동 1474도","서울특별시 종로구 세종로 1-68도","20","42","11","매우좋음"
"2023-04-28","11:11","서울","종로구","새문안로(동→서)","서울특별시 종로구 세종로 1-68도","서울특별시 종로구 평동 211도","19","41","7","매우좋음"
"2023-04-28","11:17","서울","종로구","통일로(남→북)","서울특별시 종로구 평동 211도","서울특별시 서대문구 홍제동 47-32구","19","43","21","매우좋음"
"2023-04-28","11:33","서울","종로구","사직로(서→동)","서울특별시 종로구 교북동 1-60도","서울특별시 종로구 중학동 96도","20","40","16","매우좋음"
"2023-04-28","11:39","서울","종로구","율곡로(서→동)","서울특별시 종로구 중학동 93-1천","서울특별시 종로구 종로6가 287-7천","21","37","13","매우좋음"
"2023-04-28","11:57","서울","종로구","대학로(남→북)","서울특별시 종로구 종로5가 82-1도","서울특별시 종로구 혜화동 56도","21","35","9","매우좋음"
"2023-04-28","12:02","서울","종로구","창경궁로(북→남)","서울특별시 종로구 혜화동","서울특별시 종로구 예지동 213-1천","21","37","14","매우좋음"
"2023-04-28","12:14","서울","종로구","삼일대로(남→북)","서울특별시 종로구 관철동 37-9천","서울특별시 종로구 경운동 95도","20","28","16","매우좋음"
"2023-04-28","12:26","서울","종로구","창의문로(남→북)","서울특별시 종로구 효자동 136-1도","서울특별시 종로구 부암동 216-1 구","21","34","6","매우좋음"
"2023-04-28","12:38","서울","종로구","효자로(북→남)","서울특별시 종로구 궁정동 15 도","서울특별시 종로구 적선동 36-2도","21","28","41","매우좋음"
"2023-04-28","12:43","서울","종로구","자하문로(남→북)","서울특별시 종로구 적선동 8-1 도","서울특별시 종로구 홍지동 99-7 도","21","26","16","매우좋음"
"2023-04-28","13:11","서울","종로구","평창문화로(동→서)","서울특별시 종로구 평창동 산6-2임","서울특별시 종로구 신영동 20-1도","20","23","8","매우좋음"
"2023-04-28","13:16","서울","종로구","진흥로(동→서)","서울특별시 종로구 신영동 20-1도","서울특별시 종로구 구기동 산3-24임","20","24","47","매우좋음"
"2023-04-28","10:00","인천","중구","월미로(동→서)","인천광역시 중구 선린동 58-1 도","인천광역시 중구 북성동1가 119도","15","64","81","좋음"
"2023-04-28","10:18","인천","중구","인중로(북→남)","인천광역시 중구 북성동1가 3-55철","인천광역시 중구 신흥동3가 11-4 도","16","60","12","매우좋음"
"2023-04-28","10:27","인천","중구","제물량로(남→북)","인천광역시 중구 신흥동3가 40-1 도","인천광역시 중구 북성동1가 10도","16","58","12","매우좋음"
"2023-04-28","10:47","인천","중구","참외전로(서→동)","인천광역시 중구 송월동3가 17도","인천광역시 중구 도원동 64-43도","17","54","20","매우좋음"
"2023-04-28","11:04","인천","중구","우현로(남→북)","인천광역시 중구 사동 26-19도","인천광역시 중구 인현동 1-2도","17","51","18","매우좋음"
"2023-04-28","11:11","인천","중구","서해대로(북→남)","인천광역시 중구 유동 2-74도","인천광역시 중구 신흥동3가 77잡","17","50","19","매우좋음"
"2023-04-28","11:28","인천","중구","축항대로290번길(남→북)","인천광역시 중구 신흥동3가 79도","인천광역시 중구 신흥동3가 35도","18","51","135","보통"
"2023-04-28","11:35","인천","중구","축항대로(동→서)","인천광역시 남구 용현동 627-24제","인천광역시 중구 북성동1가 104-1도","18","51","25","매우좋음"
"2023-04-28","11:42","인천","중구","연안부두로(북→남)","인천광역시 중구 항동7가 27-19 도","인천광역시 중구 항동7가 72 도","17","53","54","좋음"
"2023-04-28","11:47","인천","중구","축항대로118번길(남→북)","인천광역시 중구 항동7가 72 도","인천광역시 중구 항동7가 27-45도","17","54","25","매우좋음"
"2023-04-28","12:01","인천","중구","축항대로86번길(북→남)","인천광역시 중구 항동7가 27-19 도","인천광역시 중구 항동7가 72 도","18","49","51","좋음"
"2023-04-28","12:19","인천","중구","축항대로296번길(북→남)","인천광역시 중구 신흥동3가 35도","인천광역시 중구 신흥동3가 80 도","19","42","38","매우좋음"
"2023-04-28","12:24","인천","중구","서해대로94번길(서→동)","인천광역시 중구 신흥동3가 58-6 도","인천광역시 중구 신흥동3가 69-1 도","19","44","2","매우좋음"
"2023-04-28","12:55","인천","중구","자유무역로(서→동)","인천광역시 중구 운서동 3181 도","인천광역시 중구 운서동 3190 도","18","52","17","매우좋음"
"2023-04-28","13:11","인천","중구","신도시남로(서→동)","인천광역시 중구 운서동 2818도","인천광역시 중구 운서동 2818도","18","49","9","매우좋음"
"2023-04-28","13:15","인천","중구","신도시북로(동→서)","인천광역시 중구 운서동 2818도","인천광역시 중구 운서동 2818도","18","48","4","매우좋음"
"2023-04-28","13:25","인천","중구","흰바위로(서→동)","인천광역시 중구 운서동 2821도","인천광역시 중구 운남동 1768도","18","47","9","매우좋음"
"2023-04-28","13:54","인천","중구","영종대로(서→동)","인천광역시 중구 운서동 2819도","인천광역시 중구 중산동 1097-307답","19","48","12","매우좋음"
"2023-04-28","14:23","인천","중구","하늘중앙로(북→남)","인천광역시 중구 중산동 1933-7 도","인천광역시 중구 중산동 1992도","19","48","13","매우좋음"
"2023-04-28","14:33","인천","중구","하늘달빛로(동→서)","인천광역시 중구 중산동 2002도","인천광역시 중구 중산동 1975도","19","50","48","매우좋음"
"2023-04-28","14:40","인천","중구","하늘별빛로(서→동)","인천광역시 중구 중산동 1977도","인천광역시 중구 중산동 2002도","19","49","59","좋음"
"2023-04-28","14:47","인천","중구","은하수로(동→서)","인천광역시 중구 중산동 1984-3도","인천광역시 중구 중산동 1992도","19","46","15","매우좋음"
"2023-04-28","15:00","인천","중구","넙디로(동→서)","인천광역시 중구 운남동 1768도","인천광역시 중구 운서동 3236도","18","50","38","매우좋음"
"2023-04-28","15:15","인천","중구","햇내로(남→북)","인천광역시 중구 운서동 3161-1도","인천광역시 중구 운북동 656-28 도","18","53","9","매우좋음"
